序号,英文单词,音标,词性,中文含义
1,ability,/əˈbɪləˌti/,n,能力，才能
2,able,/ˈeɪbəl/,adj,能够；有能力的
3,about,/əˈbaʊt/,adv / prep,大约；到处，四处；关于
4,above,/əˈbəv/,prep,在……上面
5,abroad,/əˈbrɔd/,adv,到(在)国外
6,accept,/əkˈsɛpt/,v,接受
7,accident,/ˈæksədənt/,n,事故，意外的事
8,accurate,/ˈækjərət/,adj,准确的
9,ache,/eɪk/,n,疼；痛
10,achieve,/əˈʧiv/,v,达到，获得
11,across,/əˈkrɔs/,prep,横过，穿过
12,act,/ækt/,v,表演，扮演(角色)；行动
13,active,/ˈæktɪv/,adj,积极的；活跃的
14,activity,/ækˈtɪvɪti/,n,活动
15,actor,/ˈæktər/,n,男演员
16,actress,/ˈæktrəs/,n,女演员
17,actually,/ˈæˌkʧuəli/,adv,实际上； 现实地
18,add,/æd/,v,添加，增加
19,addition,/əˈdɪʃən/,n,增加
20,address,/ˈæˌdrɛs/,n,地址
21,adult,/ˈædəlt/,n & adj,成年人
22,advantage,/ædˈvæntɪʤ/,n,有利条件；优势；优点
23,adventure,/ədˈvɛnʧər/,n,冒险；冒险经历；冒险精神
24,advertisement,/ˌædvərˈtaɪzmənt/,n,广告
25,advice,/ədˈvaɪs/,n,忠告，劝告，建议
26,advise,/ədˈvaɪz/,v,劝告，建议
27,afford,/əˈfɔrd/,v,负担得起，抽得出(时间)
28,afraid,/əˈfreɪd/,adj,害怕的；担心的
29,after,/ˈæftər/,prep / adv / conj,在……之后；在……后面；在后；后来；在……以后
30,afternoon,/ˌæftərˈnun/,n,下午
31,again,/əˈgɛn/,adv,再一次；再，又
32,against,/əˈgɛnst/,prep,对着；反对
33,age,/eɪʤ/,n,年龄；时代
34,aged,/ˈeɪʤɪd/,adj,有……年岁的；上年龄的
35,ago,/əˈgoʊ/,adv,以前
36,agree,/əˈgri/,v,同意；应允
37,ahead,/əˈhɛd/,adv,在前，向前
38,aim,/eɪm/,n / v,目的；目标；打算；瞄准
39,air,/ɛr/,n,空气；大气
40,airline,/ˈɛˌrlaɪn/,n,航线
41,airport,/ˈɛrˌpɔrt/,n,机场
42,alarm,/əˈlɑrm/,n,警报
43,alive,/əˈlaɪv/,adj,活着的，存在的
44,all,/ɔl/,adj / adv / pron / n,全(部)；总；整；全部地；全部；全体人员；全部；全体人员
45,allow,/əˈlaʊ/,v,允许，准许
46,almost,/ˈɔlˌmoʊst/,adv,几乎，差不多
47,alone,/əˈloʊn/,adj / adv,单独的；单独地
48,along,/əˈlɔŋ/,prep / adv,沿着；顺着；向前；和……一起；一同
49,already,/ɔˈrɛdi/,adv,已经
50,also,/ˈɔlsoʊ/,adv,也
51,although/though,/ˌɔlˈðoʊ/ /ðoʊ/,conj,虽然，尽管
52,altogether,/ˌɔltəˈgɛðər/,adv,总共；全部地
53,always,/ˈɔlˌweɪz/,adv,总是；一直；永远
54,A.M. (a.m.),/a.m*/,,上午
55,amazing,/əˈmeɪzɪŋ/,adj,令人惊讶的；令人赞叹的
56,ambition,/æmˈbɪʃən/,n,雄心；野心
57,among,/əˈməŋ/,prep,在……中间；在(三个以上)之间
58,amount,/əˈmaʊnt/,n,数量，总数
59,amusement,/əmˈjuzmənt/,n,娱乐；消遣；娱乐活动
60,amusing,/əmˈjuzɪŋ/,adj,引起乐趣的
61,ancient,/ˈeɪnʧənt/,adj,古代的，古老的
62,and,/ənd/,conj,和；又；而
63,angrily,/ˈæŋgrəli/,adv,生气地；愤怒地
64,angry,/ˈæŋgri/,adj,生气的，愤怒的
65,animal,/ˈænəməl/,n,动物
66,another,/əˈnəðər/,adj / pron,再一；另一；别的；不同的；另一个
67,answer,/ˈænsər/,n / v,回答；答复；答案；回(信)；回答；答复；回(信)
68,any,/ˈɛni/,adj / pron,(用于疑问句、否定句、条件句)一些，什么；任何的，任一的；(无论)哪一个；(无论)哪些
69,anybody/anyone,/ˈɛnibədi/ /ˈɛniˌwən/,pron,任何人，无论谁
70,anything,/ˈɛniˌθɪŋ/,pron,什么事(物)；任何事(物)
71,anywhere,/ˈɛniˌwɛr/,adv,任何地方
72,apologize,/əˈpɑləˌʤaɪz/,vi,道歉
73,appear,/əˈpɪr/,v,出现
74,apple,/ˈæpəl/,n,苹果
75,apply,/əˈplaɪ/,v,申请；应用
76,area,/ˈɛriə/,n,面积；范围；地区
77,argue,/ˈɑrgju/,v,争吵，争论
78,arm,/ɑrm/,n,手臂
79,army,/ˈɑrmi/,n,军队
80,around,/əraʊnd/,adv / prep,在周围；环绕；在……周围
81,arrange,/əreɪnʤ/,v,安排；布置
82,arrival,/ərˈaɪvəl/,n,到达
83,arrive,/əraɪv/,v,到达；达到
84,art,/ɑrt/,n,艺术
85,article,/ˈɑrtɪkəl/,n,文章
86,artist,/ˈɑrtɪst/,n,艺术家；画家
87,as,/ɛz/,conj / prep / adv,像……一样；如同；因为；当……时；作为，当作；当……时；同样地
88,ask,/æsk/,v,问，询问；请求，要求
89,assistant,/əˈsɪstənt/,n,助手，助理
90,at,/æt/,prep,在(几点钟)；在(某处)；(表示动作的目标和方向)
91,attack,/əˈtæk/,v,进攻，袭击
92,attend,/əˈtɛnd/,v,出席，参加
93,attention,/əˈtɛnʃən/,n,注意，关心
94,attitude,/ˈætəˌtud/,n,态度
95,attract,/əˈtrækt/,v,吸引；引起
96,attractive,/əˈtræktɪv/,adj,有吸引力的
97,audience,/ˈɔdiəns/,n,观众；听众
98,aunt,/ɔnt/,n,姑；姨；伯母；舅母；婶
99,automatic,/ˌɔtəˈmætɪk/,adj,自动的
100,autumn,/ˈɔtəm/,n,秋天，秋季
101,available,/əˈveɪləbəl/,adj,可用的；可得到的
102,average,/ˈævərɪʤ/,adj / n,平均的；普通的；平均数
103,avoid,/əˈvɔɪd/,v,避免；避开
104,award,/əˈwɔrd/,n / v,奖品，奖励；授予
105,away,/əˈweɪ/,adv,离开；远离
106,awful,/ˈɔfəl/,adj,可怕的
107,baby,/ˈbeɪbi/,n,婴儿
108,back,/bæk/,adv / n,回(原处)；向后；背后，后部；背
109,background,/ˈbækˌgraʊnd/,n,背景
110,bad (比较级 worse，最高级 worst),/bæd/,adj,坏的；有害的，不利的；糟糕，可惜；严重的
111,bag,/bæg/,n,书包；提包；袋子
112,bakery,/ˈbeɪkəri/,n,面包店
113,balance,/ˈbæləns/,n,平衡
114,ball,/bɔl/,n,球
115,balloon,/bəˈlun/,n,气球
116,banana,/bəˈnænə/,n,香蕉
117,bank,/bæŋk/,n,银行
118,bar,/bɑr/,n,酒吧
119,base,/beɪs/,n,根据地，基地；基础
120,basic,/ˈbeɪsɪk/,adj,基本的；基础的
121,basket,/ˈbæskət/,n,篮子
122,basketball,/ˈbæskətˌbɔl/,n,篮球
123,bath,/bæθ/,n,洗澡
124,bathroom,/ˈbæθˌrum/,n,浴室；盥洗室；厕所
125,battery,/ˈbætəri/,n,电池，蓄电池
126,battle,/ˈbætəl/,n,战斗；战役
127,be,/bi/,v,"是；成为(原形，其人称和时态形式有 am, is, are, was, were,"
128,"being, been)",/biɪŋ/ /bɪn)/,,
129,beach,/biʧ/,n,海滨，海滩
130,bear,/bɛr/,n,熊
131,"beat (beat, beaten)",/bit/,v,敲打；跳动；打赢
132,beautiful,/ˈbjutəfəl/,adj,美丽的
133,beautifully,/ˈbjutəfli/,adv,优美地
134,beauty,/ˈbjuti/,n,美
135,because,/bɪˈkəz/,conj,因为
136,"become (became, become)",/bɪˈkəm/,v,变得；成为
137,bed,/bɛd/,n,床
138,bedroom,/ˈbɛˌdrum/,n,卧室
139,beef,/bif/,n,牛肉
140,before,/ˌbiˈfɔr/,prep / adv / conj,在……以前；在……前面；以前；在……之前
141,beg,/bɛg/,v,请求，乞求，乞讨
142,"begin (began, begun)",/bɪˈgɪn/,v,开始，着手
143,beginning,/bɪˈgɪnɪŋ/,n,开始；开端
144,behavior,/bɪˈheɪvjər/,n,行为，举止
145,behind,/bɪˈhaɪnd/,prep / adv,在……后面；在后面；向后
146,being,/biɪŋ/,n,生物；人
147,believe,/bɪˈliv/,v,相信，认为
148,bell,/bɛl/,n,钟，铃
149,belong,/bɪˈlɔŋ/,v,属；附属
150,below,/bɪˈloʊ/,prep,在……下面
151,belt,/bɛlt/,n,(皮)带；带子
152,beside,/ˌbiˈsaɪd/,prep,在……旁边；靠近
153,besides,/ˌbiˈsaɪdz/,prep / adv,除……以外(还有)；还有，此外
154,"best (good, well 的最高级)",/bɛst/,adj & adv / n,最好的；最好地，最；最好的(人或物)
155,"better (good, well 的比较级)",/ˈbɛtər/,adj & adv / n,较好的，更好的；更好地；较好的事物；较优者
156,between,/bɪtˈwin/,prep,在(两者)之间；在……中间
157,bicycle/bike,/ˈbaɪsɪkəl/ /baɪk/,n,自行车
158,big,/bɪg/,adj,大的
159,bill,/bɪl/,n,账单；钞票，纸币
160,bin,/bɪn/,n,箱子；垃圾箱
161,bird,/bərd/,n,鸟
162,birthday,/ˈbərθˌdeɪ/,n,生日
163,biscuit,/ˈbɪskət/,n,饼干
164,bit,/bɪt/,n,一点；一些；少量的
165,"bite (bit, bitten)",/baɪt/,v,咬；叮
166,black,/blæk/,n / adj,黑色；黑色的
167,blackboard,/ˈblækˌbɔrd/,n,黑板
168,blanket,/ˈblæŋkɪt/,n,毯子
169,blind,/blaɪnd/,adj / n,瞎的；盲人
170,block,/blɑk/,n / v,一排房屋；街区(街道中间的区域)；大块；阻止
171,blood,/bləd/,n,血，血液
172,"blow (blew, blown)",/bloʊ/,v,吹；刮风；吹气
173,blue,/blu/,n / adj,蓝色；蓝色的
174,board,/bɔrd/,n / v,板；木板；；登，上(船、火车、飞机等)
175,boat,/boʊt/,n / v,小船，小舟；划船(游玩)
176,body,/ˈbɑdi/,n,身体
177,boil,/bɔɪl/,v,沸腾；煮
178,book,/bʊk/,n / v,书；本子；预订，订(房间、车票、座位等)
179,bored,/bɔrd/,adj,感到乏味的；厌倦的
180,boring,/ˈbɔrɪŋ/,adj,乏味的；无聊的；令人厌烦的
181,born (动词 bear,/bɔrn/ /bɛr/,,的过去分词) 出生
182,borrow,/ˈbɑˌroʊ/,v,(向别人)借用；借
183,both,/boʊθ/,pron / adj / adv,两者(都)；双方(都)；(两)……都；双；两个都
184,bottle,/ˈbɑtəl/,n,瓶子
185,bottom,/ˈbɑtəm/,n,底部
186,bowl,/boʊl/,n,碗
187,box,/bɑks/,n,盒子；箱子
188,boy,/bɔɪ/,n,男孩
189,brain,/breɪn/,n,脑
190,brave,/breɪv/,adj,勇敢的
191,bread,/brɛd/,n,面包
192,"break (broke, broken)",/breɪk/,v / n,打破(断，碎)；损坏；休息；间隙
193,breakfast,/ˈbrɛkfəst/,n,早餐
194,breath,/brɛθ/,n,呼吸， 一口气；气息
195,breathe,/brið/,v,呼吸
196,bridge,/brɪʤ/,n,桥
197,bright,/braɪt/,adj,明亮的；聪明的；灿烂的
198,"bring (brought, brought)",/brɪŋ/,v,拿来，带来
199,broadcast,/ˈbrɔdˌkæst/,n,广播节目
200,brother,/ˈbrəðər/,n,兄；弟
201,brown,/braʊn/,n / adj,褐色，棕色；褐色的，棕色的
202,brush,/brəʃ/,v / n,刷；擦；刷子
203,"build (built, built)",/bɪld/,v,建筑；建造
204,building,/ˈbɪldɪŋ/,n,建筑物，大楼
205,bund (the Bund),/bənd/,n,外滩
206,"burn (burned, burned 或 burnt, burnt)",/bərn/,v,燃烧；着火；使烧焦
207,bus,/bəs/,n,公共汽车
208,business,/ˈbɪznɪs/,n,生意；事业；商业
209,businessman,/ˈbɪznɪsˌmæn/,n,商人
210,busy,/ˈbɪzi/,adj,忙(碌)的
211,but,/bət/,conj,但是
212,butter,/ˈbətər/,n,黄油，奶油
213,butterfly,/ˈbətərˌflaɪ/,n,蝴蝶
214,button,/ˈbətən/,n,纽扣；(电铃等的)按钮
215,"buy (bought, bought)",/baɪ/,v,买
216,by,/baɪ/,prep,靠近，在……旁边；在……时间；不迟于；(用于被动语态)被；(表示手段、方法)用；由；(用交通工具等)乘(车)
217,bye,/baɪ/,int,再见
218,cabbage,/ˈkæbɪʤ/,n,卷心菜
219,café,/café*é/,n,咖啡馆
220,cake,/keɪk/,n,蛋糕，糕点；饼
221,call,/kɔl/,v / n,打电话给……；称呼；取名；呼唤；喊；叫；喊；叫；电话；通话
222,calm,/kɑm/,adj / v,镇静的；沉着的；使平静，安静
223,camera,/ˈkæmərə/,n,照相机
224,camp,/kæmp/,n,(夏令)营；野营
225,can (could) can’t = can,/kən/ /can’t*/ /kən/,n / n,ot aux. v. 可能；能够；可以；会；(美)罐头；罐子
226,cancel,/ˈkænsəl/,v,取消
227,capital,/ˈkæpɪtəl/,n,首都
228,captain,/ˈkæptən/,n,船长，队长
229,car,/kɑr/,n,小汽车
230,card,/kɑrd/,n,卡片
231,care,/kɛr/,n / v,照料，保护；小心；介意；在乎；关心
232,careful,/ˈkɛrfəl/,adj,小心的；仔细的
233,carefully,/ˈkɛrfəli/,adv,小心地；仔细地
234,careless,/ˈkɛrlɛs/,adj,粗心的
235,carrot,/ˈkɛrət/,n,胡萝卜
236,carry,/ˈkɛri/,v,拿，搬，提，抬，背，抱，携带，运送等
237,cartoon,/kɑrˈtun/,n,动画片；卡通；漫画
238,case,/keɪs/,n,情况；案件；箱；盒
239,cat,/kæt/,n,猫
240,"catch (caught, caught)",/kæʧ/,v,接住；捉住；赶上(车辆等)；染上(疾病)；弄清楚；领会；理解
241,cause,/kɔz/,n / v,原因，起因；促使，引起，使发生
242,cave,/keɪv/,n,洞，穴；地窖
243,celebrate,/ˈsɛləˌbreɪt/,v,庆祝
244,cent,/sɛnt/,n,美分(100 cents = 1 dollar)
245,centre (美 center),/ˈsɛntər/,n,中心，中央
246,century,/ˈsɛnʧəri/,n,世纪，百年
247,certainly,/ˈsərtənli/,adv,当然，是的；一定，无疑
248,chain,/ʧeɪn/,n,链；链条，连锁店
249,chair,/ʧɛr/,n,椅子
250,challenge,/ˈʧælənʤ/,n & v,"挑战, 质疑"
251,chance,/ʧæns/,n,机会
252,change,/ʧeɪnʤ/,v / n,改变，变化； 更换；兑换(零钱)；零钱；找头；变化
253,changeable,/ˈʧeɪnʤəbəl/,adj,易变的，变化无常的
254,channel,/ˈʧænəl/,n,(电视)频道
255,character,/ˈkɛrɪktər/,n,性格，特性；特征，特点；角色
256,charge,/ʧɑrʤ/,n,主管；掌管
257,charity,/ˈʧɛrɪti/,n,慈善
258,chat,/ʧæt/,n,．& v. 聊天，闲谈
259,cheap,/ʧip/,adj,便宜的
260,check,/ʧɛk/,n / v,检查；批改；支票；核对；检查
261,cheer,/ʧɪr/,n & v,欢呼； 喝彩
262,cheese,/ʧiz/,n,奶酪
263,chemical,/ˈkɛmɪkəl/,n / adj,化学品；化学物质；化学的
264,chemistry,/ˈkɛmɪstri/,n,化学
265,chess,/ʧɛs/,n,棋
266,chicken,/ˈʧɪkən/,n,鸡；鸡肉
267,chief,/ʧif/,adj / n,主要的； 首要的；领导，头
268,child (复 children),/ʧaɪld/,n,孩子，儿童
269,childhood,/ˈʧaɪlˌdhʊd/,n,幼年时代，童年
270,china,/ˈʧaɪnə/,n,瓷器
271,chocolate,/ˈʧɔklət/,n,巧克力
272,choice,/ʧɔɪs/,n,选择
273,"choose (chose, chosen)",/ʧuz/,v,选择
274,chopstick,/ˈʧɑpˌstɪk/,n,筷子
275,Christmas,/ˈkrɪsməs/,n,圣诞节
276,church,/ʧərʧ/,n,教堂
277,cinema,/ˈsɪnəmə/,n,电影院；电影
278,circle,/ˈsərkəl/,n / v,圆圈；将……圈起来
279,citizen,/ˈsɪtɪzən/,n,公民；居民；市民
280,city,/ˈsɪti/,n,城市
281,class,/klæs/,n,(学校里的)班级；课；等级
282,classmate,/ˈklæsˌmeɪt/,n,同班同学
283,classroom,/ˈklæsˌrum/,n,教室
284,clean,/klin/,v / adj,弄干净；打扫；清洁的，干净的
285,clear,/klɪr/,adj / v,清晰的；明亮的；清楚的；清除；清扫
286,clearly,/ˈklɪrli/,adv,清晰地，明亮地；清楚地
287,clerk,/klərk/,n,职员，办事员
288,clever,/ˈklɛvər/,adj,聪明的
289,click,/klɪk/,n & v,（鼠标）点击
290,climb,/klaɪm/,v,爬，攀登
291,clinic,/ˈklɪnɪk/,n,诊所，医务室
292,clock,/klɑk/,n,钟
293,close,/kloʊz/,v / adj / adv,关，关闭；亲密的；近，靠近；近，靠近
294,clothes,/kloʊðz/,n,衣服
295,cloud,/klaʊd/,n,云
296,cloudy,/ˈklaʊdi/,adj,多云的；阴天的
297,club,/kləb/,n,俱乐部
298,coat,/koʊt/,n,外套；上衣
299,coffee,/ˈkɔfi/,n,咖啡
300,coin,/kɔɪn/,n,硬币
301,cold,/koʊld/,adj / n,冷的，寒冷的；寒冷；感冒，伤风
302,collect,/kəˈlɛkt/,v,收集，采集
303,collection,/kəˈlɛkʃən/,n,收集
304,college,/ˈkɑlɪʤ/,n,学院
305,colour (美 color),/ˈkələr/,n / v,颜色；涂色
306,"come (came, come)",/kəm/,v,来，来到
307,comfortable,/ˈkəmfərtəbəl/,adj,舒服的
308,common,/ˈkɑmən/,adj,普通的，一般的；共有的
309,communicate,/kəmˈjunəˌkeɪt/,v,交流；交际；传达(感情、信息等)
310,community,/kəmˈjunɪti/,n,社区
311,company,/ˈkəmpəˌni/,n,公司
312,compare,/kəmˈpɛr/,v,比较，对照
313,competition,/ˌkɑmpəˈtɪʃən/,n,比赛，竞赛
314,complain,/kəmˈpleɪn/,v,抱怨；投诉
315,complete,/kəmˈplit/,adj / v,完成的，完整的，完全的；完成，结束
316,completely,/kəmˈplitli/,adv,完全地，完整地
317,computer,/kəmˈpjutər/,n,电脑
318,concert,/ˈkɑnsərt/,n,音乐会；演奏会
319,conclusion,/kənˈkluʒən/,n,结论；结束，结局
320,conference,/ˈkɑnfərəns/,n,(正式的)会议；讨论会
321,confidence,/ˈkɑnfədɛns/,n,自信心；信任
322,confident,/ˈkɑnfədənt/,adj,自信的
323,confuse,/kənfˈjuz/,v,使困惑，扰乱；分不清
324,congratulation,/kənˌgræʧəˈleɪʃən/,n,祝贺
325,connect,/kəˈnɛkt/,v,连接，把……联系起来
326,consider,/kənˈsɪdər/,v,考虑
327,consist,/kənˈsɪst/,v,包含；组成，构成
328,contact,/ˈkɑnˌtækt/,n / v,接触；联系；与……来往，联系
329,contest,/ˈkɑntɛst/,n,竞赛
330,continue,/kənˈtɪnju/,v,继续
331,control,/kənˈtroʊl/,v & n,控制
332,convenient,/kənˈvinjənt/,adj,便利的，方便的
333,conversation,/ˌkɑnvərˈseɪʃən/,n,会话；谈话
334,cook,/kʊk/,n / v,厨师，炊事员；烹调，做饭
335,cool,/kul/,adj,凉的，凉爽的；酷
336,copy,/ˈkɑpi/,n / v,抄本，副本；一本(份，册……)；抄写；复印；(计算机用语)拷(备份)；模仿
337,corner,/ˈkɔrnər/,n,角；角落；拐角
338,correct,/kərˈɛkt/,adj / v,正确的，对的；恰当的；改正；纠正
339,correctly,/kərˈɛktli/,adv,正确地
340,"cost (cost, cost)",/kɔst/,v,值(多少钱)；花费
341,cotton,/ˈkɔtən/,n,棉花
342,cough,/kɔf/,n & v,咳嗽
343,count,/kaʊnt/,v,数
344,country,/ˈkəntri/,n,国家；农村；乡下
345,couple,/ˈkəpəl/,n,夫妇；一对；一双；一副
346,course,/kɔrs/,n,过程；经过；课程
347,cousin,/ˈkəzən/,n,堂(表)兄弟，堂(表)姐妹
348,cover,/ˈkəvər/,v / n,覆盖；遮盖；掩盖；盖子；罩；封面
349,crazy,/ˈkreɪzi/,adj,疯狂的
350,cream,/krim/,n,奶油，乳脂
351,create,/kriˈeɪt/,v,创造；造成
352,creative,/kriˈeɪtɪv/,adj,创造性的，有创意的
353,cross,/krɔs/,n / v,十字形的东西；越过；穿过
354,crowd,/kraʊd/,n,人群
355,crowded,/ˈkraʊdɪd/,adj,拥挤的
356,cry,/kraɪ/,v / n,喊叫；哭；叫喊；哭声
357,culture,/ˈkəlʧər/,n,文化
358,cup,/kəp/,n,茶杯，杯子
359,custom,/ˈkəstəm/,n,习惯，习俗
360,customer,/ˈkəstəmər/,n,顾客，主顾
361,"cut (cut, cut)",/kət/,v,切；剪；削；割
362,cute,/kjut/,adj,可爱的，漂亮迷人的
363,cycle,/ˈsaɪkəl/,v,骑(自行)车
364,dad,/dæd/,n,(口语)爸爸
365,daily,/ˈdeɪli/,adj / adv / n,每日的；日常的；每天；日报
366,damage,/ˈdæmɪʤ/,n & v,破坏，损害
367,dance,/dæns/,n & v,跳舞
368,dancer,/ˈdænsər/,n,跳舞者，舞蹈演员
369,danger,/ˈdeɪnʤər/,n,危险
370,dangerous,/ˈdeɪnʤərəs/,adj,危险的
371,dare,/dɛr/,v,(后接不带 to 的不定式主要用于疑问，否定或条件句)敢，敢于
372,dark,/dɑrk/,n / adj,黑暗；暗处；深色；黑暗的；暗淡的；深色的
373,date,/deɪt/,n,日期；约会
374,daughter,/ˈdɔtər/,n,女儿
375,day,/deɪ/,n,(一)天，(一)日；白天
376,dead,/dɛd/,adj,死的；无生命的
377,"deal (dealt, dealt)",/dil/,v / n,对付；分配，分给；给予；经营；交易
378,dear,/dɪr/,adj,亲爱的；贵的
379,death,/dɛθ/,n,死亡
380,debate,/dəˈbeɪt/,v & n,争论，辩论；讨论
381,decide,/ˌdɪˈsaɪd/,v,决定；下决心
382,decision,/dɪˈsɪʒən/,n,决定；决心
383,decorate,/ˈdɛkərˌeɪt/,v,装饰
384,deep,/dip/,adj,深
385,degree,/dɪˈgri/,n,程度；度数；学位
386,delay,/dɪˈleɪ/,v & n,拖延，延误，延期
387,delicious,/dɪˈlɪʃəs/,adj,美味的，可口的
388,deliver,/dɪˈlɪvər/,v,投递(信件，邮包等)；传送
389,dentist,/ˈdɛntɪst/,n,牙科医生
390,deny,/dɪˈnaɪ/,v,否认，否定
391,departure,/dɪˈpɑrʧər/,n,离开
392,depend,/dɪˈpɛnd/,v,依靠，依赖；取决于
393,describe,/dɪˈskraɪb/,v,描写，叙述
394,deserve,/dɪˈzərv/,v,应得，应受
395,design,/dɪˈzaɪn/,v,设计，策划
396,desire,/dɪˈzaɪər/,n / v,愿望；欲望；渴望；热切希望
397,desk,/dɛsk/,n,书桌，写字台
398,destroy,/dɪˈstrɔɪ/,v,破坏，毁坏
399,detail,/ˈditeɪl/,n,细节
400,detective,/dɪˈtɛktɪv/,adj / n,侦探的；侦探
401,develop,/dɪˈvɛləp/,v,发展；开发；培养
402,development,/dɪˈvɛləpmənt/,n,发展
403,dial,/daɪəl/,v,拨电话号码
404,dialogue (美 dialog),/ˈdaɪəˌlɔg/,n,对话
405,diary,/ˈdaɪəri/,n,日记；日记簿
406,dictionary,/ˈdɪkʃəˌnɛri/,n,词典，字典
407,die,/daɪ/,v,死
408,diet,/daɪət/,n,饮食；食谱；食物
409,difference,/ˈdɪfərəns/,n,不同
410,different,/ˈdɪfərənt/,adj,不同的，有差异的
411,difficult,/ˈdɪfəkəlt/,adj,困难的，费力的
412,difficulty,/ˈdɪfɪˌkəlti/,n,困难
413,"dig (dug, dug)",/dɪg/,v,挖；掘
414,dinner,/ˈdɪnər/,n,正餐
415,direction,/dɪˈrɛkʃɪn/,n,方向；趋势；用法说明
416,directly,/dɪˈrɛkli/,adv,直接地
417,director,/dɪˈrɛktər/,n,导演
418,dirty,/ˈdərti/,adj,脏的
419,disadvantage,/ˌdɪsədˈvænɪʤ/,n,不利，劣势，短处
420,disappear,/ˌdɪsəˈpɪr/,v,消失，不见
421,disappointed,/ˌdɪsəˈpɔɪnɪd/,adj,失望的，沮丧的
422,disaster,/dɪˈzæstər/,n,灾难；灾祸
423,discover,/dɪˈskəvər/,v,发现；看出
424,discuss,/dɪˈskəs/,v,讨论，议论
425,discussion,/dɪˈskəʃən/,n,讨论
426,dish,/dɪʃ/,n,盘，碟；盘装菜；盘形物
427,dishonest,/dɪˈsɑnəst/,adj,不诚实的，欺骗性的
428,dislike,/dɪsˈlaɪk/,v,不喜欢；厌恶
429,distance,/ˈdɪstəns/,n,距离
430,disturb,/dɪˈstərb/,v,扰乱；打扰
431,divide,/dɪˈvaɪd/,v,分，划分；(算术用语)除
432,do (did，done),/du/,v & aux,做，干(用以构成疑问句及否定句。第三人称单数现在时用 does)
433,doctor,/ˈdɔktər/,n,医生
434,dog,/dɔg/,n,狗
435,dollar,/ˈdɔlər/,n,元(美国、加拿大、澳大利亚等国货币单位)
436,door,/dɔr/,n,门；通道
437,double,/ˈdəbəl/,adj,两倍的；双的
438,down,/daʊn/,prep / adv,沿着，沿……而下；向下
439,download,/ˈdaʊnˌloʊd/,v,下载
440,downstairs,/ˈdaʊnˈstɛrz/,adv,在楼下；到楼下
441,"draw (drew, drawn)",/drɔ/,v,绘画；绘制；拉，拖
442,"dream (dreamt, dreamt 或 dreamed, dreamed)",/drim/,n & v,梦，梦想
443,dress,/drɛs/,n / v,女服，连衣裙；(统指)服装；童装；穿衣；穿着
444,"drink (drank, drunk)",/drɪŋk/,v / n,喝，饮；饮料；喝酒
445,"drive (drove, driven)",/draɪv/,v,驾驶，开(车)；驱赶
446,driver,/ˈdraɪvər/,n,司机，驾驶员
447,drop,/drɔp/,n / v,滴；掉下，落下；扔掉；放弃
448,dry,/draɪ/,adj,干的；干燥的
449,duck,/dək/,n,鸭子
450,dull,/dəl/,adj,单调无味的
451,during,/ˈdʊrɪŋ/,prep,在……期间；在……过程中
452,duty,/ˈduti/,n,责任
453,each,/iʧ/,adj & pron,每人；每个；每件
454,eager,/ˈigər/,adj,渴望的，热切的
455,ear,/ɪr/,n,耳朵
456,early,/ˈərli/,adj / adv,早的；早地
457,earth,/ərθ/,n,地球；土，泥；大地
458,earthquake,/ˈərθkˌweɪk/,n,地震
459,easily,/ˈizəli/,adv,容易地
460,east,/ist/,adj / n,东方的；东部的；东，东方；东部
461,easy,/ˈizi/,adj,容易的，不费力的
462,"eat (ate, eaten)",/it/,v,吃
463,economy,/ɪˈkɑnəmi/,n,经济
464,education,/ˌɛʤəˈkeɪʃən/,n,教育
465,educational,/ˌɛʤəˈkeɪʃənəl/,adj,教育的
466,effect,/ˈifɛkt/,n,效果
467,effort,/ˈɛfərt/,n,精力，努力
468,egg,/ɛg/,n,蛋；卵
469,either,/ˈiðər/,adj / pron / adv,两方任一方的；二者之一的；二者之一；要么……；(用于否定句或短语后)也(不)
470,elder,/ˈɛldər/,adj,年龄较大的；前辈的
471,electric,/ɪˈlɛktrɪk/,adj,电的
472,electricity,/ɪˌlɛkˈtrɪsəti/,n,电
473,elementary,/ˌɛləˈmɛnʧri/,adj,初级的；基本的
474,elephant,/ˈɛləfənt/,n,大象
475,else,/ɛls/,adv,别的；其他的
476,e-mail (email),/i/ /meɪl/,n / v,电子邮件；发电子邮件
477,embarrassed,/ɪmˈbɛrəst/,adj,局促不安的； 为难的； 尴尬的； 窘迫的
478,emergency,/ˈimərʤənsi/,n,紧急情况； 突发事件；
479,empty,/ˈɛmti/,adj,空的
480,enable,/ɪˈneɪbəl/,v,使……能够，使……有能力
481,encourage,/ɪnˈkərəʤ/,v,鼓励
482,end,/ɛnd/,n / v,末尾；终点；结束；结束，终止
483,enemy,/ˈɛnəmi/,n,敌人；敌军
484,energy,/ˈɛnərʤi/,n,精力；能量
485,engine,/ˈɪnʤən/,n,发动机，引擎
486,engineer,/ˈɛnʤəˈnɪr/,n,工程师；技师
487,enjoy,/ˌɛnˈʤɔɪ/,v,欣赏；享受；喜欢
488,enjoyable,/ˌɛnˈʤɔɪəbəl/,adj,使人愉快的；使人欢乐的
489,enough,/ɪˈnəf/,adj / adv / n,足够的；充分的；足够地；充分地；足够；充足
490,enrich,/ɪnˈrɪʧ/,v,使……丰富
491,enter,/ˈɛnər/,v,进入；参加
492,entertainment,/ˌɛnərˈteɪnmənt/,n,娱乐；消遣；款待
493,entrance,/ˈɛntrəns/,n,入口；入场
494,envelope,/ˈɛnvəˌloʊp/,n,信封
495,environment,/ɪnˈvaɪrənmənt/,n,环境
496,equal,/ˈikwəl/,adj / v,平等的；等于
497,escape,/ɪˈskeɪp/,n & v,逃跑；逃脱
498,especially,/əˈspɛʃəli/,adv,特别地，尤其
499,eve,/iv/,n,(节日的)前夜，前夕
500,even,/ˈivɪn/,adv,甚至；连(……都)；更
501,evening,/ˈivnɪŋ/,n,傍晚，晚上
502,event,/ɪˈvɛnt/,n,事件，大事；比赛项目
503,ever,/ˈɛvər/,adv,曾经；无论何时
504,every,/ˈɛvəri/,adj,每一，每个的
505,everybody/everyone,/ˈɛvriˌbɑdi/ /ˈɛvriˌwən/,pron,每人，人人
506,everyday,/ˈɛvriˈdeɪ/,adj,每日的； 日常的
507,everything,/ˈɛvriˌθɪŋ/,pron,每件事，事事
508,everywhere,/ˈɛvriˌwɛr/,adv,到处
509,exactly,/ɪgˈzæktli/,adv,确切的(表示赞同的回答)；确实如此
510,exam=examination,/ɪgˈzæm/ /ɪgˌzæməˈneɪʃən/,n,考试，测试；检查
511,examine,/ɪgˈzæmɪn/,v,检查，细查；对……进行考试
512,example,/ɪgˈzæmpəl/,n,例子；榜样
513,excellent,/ˈɛksələnt/,adj,极好的，优秀的
514,except,/ɪkˈsɛpt/,prep,除……之外
515,exchange,/ɪksˈʧeɪnʤ/,n,交换；交流
516,excited,/ɪkˈsaɪtɪd/,adj,兴奋的
517,exciting,/ɪkˈsaɪtɪŋ/,adj,使人兴奋的
518,excuse,/ɪkˈskjuz/,v / n,原谅；宽恕；借口；辩解
519,exercise,/ˈɛksərˌsaɪz/,n / v,锻炼，做操；练习，习题；锻炼；运用
520,exhibition,/ˌɛksəˈbɪʃən/,n,展览；展览会
521,exist,/ɪgˈzɪst/,v,存在
522,exit,/ˈɛksət/,n / v,出口，通道；离别；退出
523,expect,/ɪkˈspɛkt/,v,预料；期待；认为
524,expensive,/ɪkˈspɛnsɪv/,adj,昂贵的
525,experience,/ɪkˈspɪriəns/,n,经验；经历
526,experiment,/ɪkˈspɛrəmənt/,n,实验
527,explain,/ɪkˈspleɪn/,v,解释，说明
528,explore,/ɪkˈsplɔr/,v,探索；探测
529,express,/ɪkˈsprɛs/,v / n,表达；表示；快车
530,extra,/ˈɛkstrə/,adv / adj,特别地，非常；另外；额外的
531,eye,/aɪ/,n,眼睛
532,fable,/ˈfeɪbəl/,n,寓言
533,face,/feɪs/,n / v,脸，面孔；面对
534,fact,/fækt/,n,事实，现实；实际
535,factory,/ˈfæktəri/,n,工厂
536,fail,/feɪl/,v,失败；不及格
537,fair,/fɛr/,adj / n,公平的，合理的；金色的；集市
538,"fall (fell, fallen)",/fɔl/,v / n,落下，降落；倒下；跌倒；(美)秋季
539,familiar,/fəˈmɪljər/,adj,熟悉的
540,family,/ˈfæməli/,n,家庭；家族；家人
541,famous,/ˈfeɪməs/,adj,著名的
542,fan,/fæn/,n,(电影、运动等的)迷；热心的爱好者(支持者)；扇子
543,far (比较级 farther，,/fɑr/ /farther，*，/,adj / adv,远的；远地
544,fare,/fɛr/,n,票价；费用
545,farm,/fɑrm/,n,农场；农庄
546,farmer,/ˈfɑrmər/,n,农民，农夫
547,fashion,/ˈfæʃən/,n,时尚
548,fast,/fæst/,adj / adv,快的，迅速的；快地，迅速地
549,fasten,/ˈfæsən/,v,系；扎
550,fat,/fæt/,adj / n,胖的；肥的；脂肪
551,father,/ˈfɑðər/,n,父亲
552,favour (美 favor),/ˈfeɪvər/,n,恩惠；好意；帮助
553,favourite (美 favorite),/ˈfeɪvərɪt/,adj / n,最喜爱的；特别喜爱的人(或物)
554,fear,/fɪr/,n,害怕；恐惧
555,"feed (fed, fed)",/fid/,v,喂养；饲养
556,"feel (felt, felt)",/fil/,v,& link 感觉，觉得；摸，触
557,female,/ˈfiˌmeɪl/,adj,女的；女性的；雌性的
558,fence,/fɛns/,n,栅栏；围栏；篱笆
559,ferry,/ˈfɛri/,n,渡船
560,festival,/ˈfɛstɪvəl/,n,节日
561,fever,/ˈfivər/,n,发烧；发热
562,few,/fju/,pron / adj,不多；少数；不多的；少数的
563,field,/fild/,n,田地；牧场；场地
564,"fight (fought, fought)",/faɪt/,v & n,打仗；打架；争论
565,figure,/ˈfɪgjər/,n,(人的)体型，外形；数字
566,fill,/fɪl/,v,填空；装满；充满
567,film,/fɪlm/,n,电影；影片；胶卷
568,final,/ˈfaɪnəl/,adj,最后的；终极的
569,finally,/ˈfaɪnəli/,adv,最后；最终
570,"find (found, found)",/faɪnd/,v,找到；发现；发觉
571,fine,/faɪn/,adj,晴朗的；美好的；(身体)健康的
572,finger,/ˈfɪŋgər/,n,手指
573,finish,/ˈfɪnɪʃ/,v,结束；做完
574,fire,/faɪər/,n / v,火；火炉；火灾；开火，开(枪，炮等)，射击
575,fireman,/ˈfaɪrmən/,n,消防队员
576,firework,/ˈfaɪrˌwərk/,n,焰火
577,first,/fərst/,adj / adv / n,第一的；最初的；第一；首先；最初；开始；开端
578,fish,/fɪʃ/,n / v,鱼；鱼肉；钓鱼；捕鱼
579,fisherman,/ˈfɪʃərˌmæn/,n,渔夫，渔民
580,"fit (fit, fit；fitted, fitted)",/fɪt/,v / adj,(使)适合，与……相配；健康的， 适合的
581,fix,/fɪks/,v,修理；安装
582,flash,/flæʃ/,n,闪；闪光； 转瞬间
583,flag,/flæg/,n,旗；旗舰
584,flat,/flæt/,n,一套房间； 公寓
585,flight,/flaɪt/,n,航班；飞行
586,flood,/fləd/,n,洪水，水灾
587,floor,/flɔr/,n,地面，地板；(楼房的)层
588,flower,/flaʊər/,n,花
589,flu,/flu/,n,流感
590,"fly (flew, flown)",/flaɪ/,v / v / n,飞；飞行；乘飞机旅行；(旗子等)飘动；放(风筝、飞机模型等)；飞行；苍蝇
591,focus,/ˈfoʊkɪs/,v,集中
592,follow,/ˈfɑloʊ/,v,听从；跟随；仿效；跟得上
593,following,/ˈfɑloʊɪŋ/,adj,下列的；接着的；以下的
594,fond,/fɑnd/,adj,喜爱的
595,food,/fud/,n,食物，食品
596,fool,/ful/,n / v,傻子；愚弄，欺骗
597,foolish,/ˈfulɪʃ/,adj,愚蠢的，傻的
598,foot (复 feet),/fʊt/,n,足，脚；英尺
599,football,/ˈfʊtˌbɔl/,n,(英式)足球；(美式)橄榄球
600,for,/fər/,prep / conj,(表示目的、用途等)为了……；(表示方向)向……；(表示时间、距离等)达；计；(表示原因)因为……；(表示对象)对……来说；因为，由于
601,forecast,/ˈfɔrˌkæst/,n & v,预告，预报
602,foreign,/ˈfɔrən/,adj,外国的
603,foreigner,/ˈfɔrənər/,n,外国人
604,forest,/ˈfɔrɪst/,n,森林
605,forever,/fərˈɛvər/,adv,永远；永恒地
606,"forget (forgot, forgotten)",/fərˈgɛt/,v,忘记；忘掉
607,forgetful,/fərˈgɛtfəl/,adj,健忘的
608,forgive,/fərˈgɪv/,v,原谅；宽恕
609,fork,/fɔrk/,n,叉
610,form,/fɔrm/,n / v,形式，方式；形成
611,forward,/ˈfɔrwərd/,adv,向前，前进；今后
612,fountain,/ˈfaʊntən/,n,喷泉
613,free,/fri/,adj,自由的，空闲的；免费的
614,freedom,/ˈfridəm/,n,自由
615,"freeze (froze, frozen)",/friz/,v,结冰
616,freezing,/ˈfrizɪŋ/,adj,结冰的；极冷的
617,fresh,/frɛʃ/,adj,新鲜的
618,fridge,/frɪʤ/,n,冰箱
619,fried,/frid/,adj,油煎的
620,friend,/frɛnd/,n,朋友
621,friendly,/ˈfrɛndli/,adj,朋友般的；友好的
622,friendship,/ˈfrɛndʃɪp/,n,友谊
623,frighten,/ˈfraɪtən/,v,使害怕
624,frightened,/ˈfraɪtənd/,adj,受惊吓的；吃惊的
625,frightening,/ˈfraɪtənɪŋ/,adj,恐怖的
626,from,/frəm/,prep,(表示起点)从；自；(表示时间)从……开始；(表示距离)离……；距……(表示来源)来自
627,front,/frənt/,adj / n,前面的；前部的；前面；前部；前线
628,frozen,/ˈfroʊzən/,adj,冰冻的
629,fruit,/frut/,n,水果；果实
630,fuel,/fjuəl/,n,燃料
631,full,/fʊl/,adj,满的，充满的；完全的
632,fun,/fən/,n,乐趣；有趣的事；娱乐；玩笑
633,funny,/ˈfəni/,adj,滑稽的，可笑的
634,furniture,/ˈfərnɪʧər/,n,(总称)家具
635,future,/fˈjuʧər/,n,将来，未来
636,gain,/geɪn/,v,获得，得到
637,game,/geɪm/,n,游戏；运动；比赛
638,garden,/ˈgɑrdən/,n,花园，果园，菜园
639,gas,/gæs/,n,气态；气体；煤气
640,gate,/geɪt/,n,大门
641,general,/ˈʤɛnərəl/,adj,大体的，笼统的，总的
642,generation,/ˌʤɛnərˈeɪʃən/,n,代，一代
643,generous,/ˈʤɛnərəs/,adj,慷慨的；大方的
644,gentle,/ˈʤɛnəl/,adj,温柔的，轻轻的
645,gentleman,/ˈʤɛnəlmən/,n,绅士；先生
646,gently,/ˈʤɛntli/,adv,轻柔地
647,geography,/ʤiˈɑgrəfi/,n,地理
648,"get (got, got)",/gɪt/,v,成为，变得；得到；到达；(用于 have got 短语中)具有
649,gift,/gɪft/,n,赠品； 礼物
650,girl,/gərl/,n,女孩
651,"give (gave, given)",/gɪv/,v,给；递给；付出；给予
652,glad,/glæd/,adj,高兴的；乐意的
653,glass,/glæs/,n,玻璃杯；玻璃；(复)眼镜
654,"go (went, gone)",/goʊ/,v,去；走；驶；通到；到达
655,goal,/goʊl/,n,目标
656,gold,/goʊld/,n,黄金
657,golden,/ˈgoʊldən/,adj,金色的
658,good (比较级 better，最高级 best),/gʊd/,adj,好；良好
659,government,/ˈgəvərnmənt/,n,政府
660,grade,/greɪd/,n,等级；(中小学的)学年；成绩，分数
661,graduate,/ˈgræʤəˌweɪt/,v / n,毕业；大学毕业生
662,grandma=grandmother,/ˈgrændmɑ/ /ˈgrændˌməðər/,n,奶奶；外婆
663,grandpa=grandfather,/ˈgrændˌpɑ/ /ˈgrænˌfɑðər/,n,爷爷；外公
664,grape,/greɪp/,n,葡萄
665,grass,/græs/,n,草；草场；牧草
666,great,/greɪt/,adj,伟大的；重要的；(口语)好极了，很好
667,green,/grin/,adj / n,绿色的；青的；绿色
668,greenhouse,/ˈgrinˌhaʊs/,n,温室，暖房
669,greet,/grit/,v,问候； 向……致敬
670,ground,/graʊnd/,n,地面
671,group,/grup/,n,组，群
672,"grow (grew, grown)",/groʊ/,v,生长；发育；种植；变成
673,guess,/gɛs/,v,猜测；推测
674,guest,/gɛst/,n,客人，宾客
675,guide,/gaɪd/,n,向导，导游；指南
676,guitar,/gɪˈtɑr/,n,吉他
677,gun,/gən/,n,枪；炮
678,habit,/ˈhæbət/,n,习惯
679,hair,/hɛr/,n,头发
680,half,/hæf/,adj & n,半，一半，半个
681,hall,/hɔl/,n,大厅，会堂，礼堂
682,hamburger,/ˈhæmbərgər/,n,汉堡包
683,hand,/hænd/,n / v,手；指针；递；给；交付；交进
684,"hang (hanged, hanged)",/hæŋ/,v,处绞刑；上吊
685,"(hung, hung)",,v,悬挂；把……吊起
686,happen,/ˈhæpən/,v,(偶然)发生；碰巧
687,happily,/ˈhæpəli/,adv,幸福地；快乐地，高兴地
688,happiness,/ˈhæpinəs/,n,幸福，快乐
689,happy,/ˈhæpi/,adj,幸福的；快乐的，高兴的
690,hard,/hɑrd/,adv / adj,努力地；使劲；猛烈地；硬的；困难的；艰难的
691,hardly,/ˈhɑrdli/,adv,几乎不
692,hardworking,/ˈhɑrdˌwərkɪŋ/,adj,努力工作的
693,harm,/hɑrm/,v & n,伤害
694,harmful,/ˈhɑrmfəl/,adj,有害的；导致损害的
695,hat,/hæt/,n,帽子
696,hate,/heɪt/,v & n,不喜欢；恨；讨厌
697,"have (had, had)",/hæv/,v,有；吃；喝；进行
698,head,/hɛd/,n,头；头脑；首脑；
699,headache,/ˈhɛˌdeɪk/,n,头疼
700,headline,/ˈhɛˌdlaɪn/,n,(报刊的)大字标题
701,headmaster,/ˈhɛdˈmæstər/,n,(英)中小学校长
702,health,/hɛlθ/,n,健康
703,healthy,/ˈhɛlθi/,adj,健康的
704,"hear (heard, heard)",/hir/,v,听见；听说；得知
705,heart,/hɑrt/,n,心；心脏
706,heat,/hit/,n / v,热度；热量；加热
707,heavily,/ˈhɛvəli/,adv,沉重地；大量地
708,heavy,/ˈhɛvi/,adj,重的
709,height,/haɪt/,n,高度
710,hello,/hɛˈloʊ/,int,喂；你好
711,help,/hɛlp/,n & v,帮助，帮忙
712,helpful,/ˈhɛlpfəl/,adj,有帮助的，有益的
713,helpless,/ˈhɛlpləs/,adj,无助的，没有帮助的
714,here,/hir/,adv,这里，在这里；向这里
715,hero,/ˈhɪroʊ/,n,英雄，勇士；男主角
716,hesitate,/ˈhɛzəˌteɪt/,v,犹豫，踌躇
717,"hide (hid, hidden)",/haɪd/,v,把……藏起来；隐藏
718,high,/haɪ/,adj,高的
719,hill,/hɪl/,n,小山
720,historical,/hɪˈstɔrɪkəl/,adj,历史的，历史上
721,history,/ˈhɪstəri/,n,历史，历史学
722,"hit (hit, hit)",/hɪt/,v,打，撞，击中，碰撞
723,hobby,/ˈhɑbi/,n,爱好，嗜好
724,"hold (held, held)",/hoʊld/,v,拿；抱；握住；举行；进行；保持；容纳
725,hole,/hoʊl/,n,洞，坑
726,holiday,/ˈhɑlɪˌdeɪ/,n,假日；假期
727,home,/hoʊm/,n / adv,家；在家；到家；回家
728,homeless,/ˈhoʊmləs/,adj,无家可归的
729,hometown,/ˈhoʊmˌtaʊn/,n,家乡，故乡
730,homework,/ˈhoʊmˌwərk/,n,家庭作业
731,honest,/ˈɑnəst/,adj,诚实的；正直的
732,honesty,/ˈɑnəsti/,n,诚实
733,honey,/ˈhəni/,n,蜂蜜
734,honour (美 honor),/ˈɑnər/,n,荣誉，光荣
735,hope,/hoʊp/,n & v,希望
736,horrible,/ˈhɔrəbəl/,adj,令人恐惧的；恐怖的
737,horse,/hɔrs/,n,马
738,hospital,/ˈhɑˌspɪtəl/,n,医院
739,host,/hoʊst/,n,主人；节目主持人
740,hot,/hɑt/,adj,热的；辣的
741,hot-dog,/hɑt/ /dɔg/,n,热狗
742,hotel,/hoʊˈtɛl/,n,旅馆，宾馆
743,hour,/aʊər/,n,小时
744,house,/haʊs/,n,房子；住宅，家
745,housework,/ˈhaʊsˌwərk/,n,家务活
746,how,/haʊ/,adv,(方法、手段、状态)怎样；如何；(程度、数量、价钱)多少；(感叹)多么
747,however,/ˌhaʊˈɛvər/,adv / conj,可是；然而，可是；尽管如此
748,hug,/həg/,n & v,拥抱
749,huge,/juʤ/,adj,巨大的，庞大的
750,human,/ˈjumən/,adj / n,人的，人类的；(=human being) 人类
751,humorous,/ˈhjumərəs/,adj,幽默的，风趣的
752,hungry,/ˈhəŋgri/,adj,饥饿的
753,hunt,/hənt/,v,寻找；猎取
754,hurry,/ˈhəri/,v / n,赶快；急忙；赶紧；急忙
755,"hurt (hurt, hurt)",/hərt/,v,伤害；痛；使受伤痛
756,husband,/ˈhəzbənd/,n,丈夫
757,ice,/aɪs/,n,冰
758,ice-cream,/aɪs/ /krim/,n,冰淇淋
759,idea,/aɪˈdiə/,n,主意，意见，打算，想法
760,if,/ɪf/,conj,(连接状语从句)如果，假使；(连接宾语从句)是否，是不是
761,ignore,/ˌɪgˈnɔr/,v,忽视；不理睬
762,ill,/ɪl/,adj,有病的；不健康的
763,illness,/ˈɪlnəs/,n,疾病
764,imagine,/ˌɪˈmæʤən/,v,想象；设想
765,immediately,/ˌɪˈmiˌdiətli/,adv,立即，马上
766,importance,/ˌɪmˈpɔrtəns/,n,重要性
767,important,/ˌɪmˈpɔrtənt/,adj,重要的
768,impossible,/ˌɪmˈpɑsəbəl/,adj,不可能的
769,impression,/ˌɪmˈprɛʃən/,n,印象
770,improve,/ˌɪmˈpruv/,v,改进，更新
771,in,/ɪn/,prep / adv,在……(位置)里(内)；在……(时间)；在……(情况、状态)中；以……方法；使用……(语言)；穿，戴；在家，在内，向内
772,inch,/ɪnʧ/,n,英寸
773,include,/ˌɪnˈklud/,v,包含，包括
774,including,/ˌɪnˈkludɪŋ/,prep,包括；包含
775,income,/ˈɪnˌkəm/,n,收入，所得
776,increase,/ˌɪnˈkris/,v & n,增加
777,independent,/ˌɪndɪˈpɛndənt/,adj,独立的；有主见的
778,indoor,/ˈɪnˌdɔr/,adj,室内的
779,industry,/ˈɪndəstri/,n,工业，产业
780,information,/ˌɪnˌfɔrˈmeɪʃən/,n,信息；情报；资料
781,ink,/ɪŋk/,n,墨水；油墨
782,inside,/ˌɪnˈsaɪd/,prep / adv,在……里面；在里面
783,instead,/ˌɪnˈstɛd/,adv,代替；顶替
784,instruction,/ˌɪnˈstrəkʃən/,n,用法说明；命令，指示；教导
785,interest,/ˈɪntəˌrɛst/,n,兴趣；趣味
786,interested,/ˈɪntəˌrɛstɪd/,adj,感兴趣的
787,interesting,/ˈɪntəˌrɛstɪŋ/,adj,有趣的；有意思的
788,international,/ˌɪnərˈnæʃənɑl/,adj,国际的
789,Internet,/ˈɪntərˌnɛt/,n,互联网，因特网
790,interview,/ˈɪntərvˌju/,n & v,采访，会见，面试
791,into,/ˈɪntu/,prep,到……里；向内；变成
792,introduce,/ˌɪntrəˈdus/,v,介绍
793,invent,/ˌɪnˈvɛnt/,v,发明，创造
794,invention,/ˌɪnˈvɛnʃən/,n,发明，创造
795,inventor,/ˌɪnˈvɛntər/,v,发明家，创造者
796,investigate,/ˌɪnˈvɛstəˌgeɪt/,v,调查
797,invitation,/ˌɪnvɪˈteɪʃən/,n,邀请，请帖
798,invite,/ˌɪnˈvaɪt/,v,邀请
799,iron,/aɪərn/,n,铁
800,island,/ˈaɪlənd/,n,岛
801,item,/ˈaɪtəm/,n,项目；节目；一件商品（物品）；一则
802,jacket,/ˈʤækɪt/,n,短上衣，夹克衫
803,jam,/ʤæm/,n,果酱；阻塞
804,jeans,/ʤinz/,n,牛仔裤
805,job,/ʤɑb/,n,工作
806,join,/ʤɔɪn/,v,参加，加入；连接
807,joke,/ʤoʊk/,n / v,笑话；开玩笑
808,journalist,/ˈʤərnəlɪst/,n,记者，新闻工作者
809,journey,/ˈʤərni/,n,旅行；旅程
810,joy,/ʤɔɪ/,n,欢乐；高兴，乐趣
811,judge,/ʤəʤ/,n / v,裁判； 审判员； 法官；审判；断定
812,juice,/ʤus/,n,果汁
813,jump,/ʤəmp/,n & v,跳；跳跃
814,junior,/ˈʤunjər/,adj,初级的；年少的
815,just,/ʤɪst/,adv,刚才；恰好；不过；仅
816,keen,/kin/,adj,热心的
817,"keep (kept, kept)",/kip/,v,保持；保存；继续不断；培育，饲养
818,key,/ki/,n,钥匙；答案；关键
819,keyboard,/ˈkiˌbɔrd/,n,键盘
820,kick,/kɪk/,v & n,踢
821,kid,/kɪd/,v / n,开玩笑；小孩
822,kill,/kɪl/,v,杀死，弄死
823,kilogram,/ˈkɪləˌgræm/,n,千克(公斤)
824,kilometre,/ˌkɪˈlɔˌmətər/,n,千米(公里)
825,kind,/kaɪnd/,n / adj,种；类；善良的；友好的
826,kindergarten,/ˈkɪndərˌgɑrtən/,n,幼儿园
827,kindness,/ˈkaɪndnəs/,n,仁慈；好意
828,king,/kɪŋ/,n,国王
829,kitchen,/ˈkɪʧən/,n,厨房
830,kite,/kaɪt/,n,风筝
831,knife (复 knives),/naɪf/,n,小刀
832,knock,/nɑk/,n & v,敲(门)；打；击
833,"know (knew, known)",/noʊ/,v,知道；了解；认识；懂得
834,knowledge,/ˈnɑlɪʤ/,n,知识，学问
835,lab,/læb/,n,实验室
836,lady,/ˈleɪdi/,n,女士，夫人
837,lake,/leɪk/,n,湖
838,lamp,/læmp/,n,灯
839,land,/lænd/,n / v,陆地；土地；登陆；降落
840,language,/ˈlæŋgwɪʤ/,n,语言
841,lantern,/ˈlæntərn/,n,灯笼
842,large,/lɑrʤ/,adj,大的；巨大的
843,last,/læst/,adj / adv / n / v,最近刚过去的；最后的；最近刚过去；最后地；最后；持续，延续
844,late,/leɪt/,adj / adv,晚的；迟的；晚地；迟地
845,later,/ˈleɪtər/,adj / adv,晚些的，迟些的；后来，以后
846,laugh,/læf/,v & n,笑，大笑；嘲笑
847,law,/lɔ/,n,法律
848,lawyer,/ˈlɔjər/,n,律师
849,"lay (laid, laid)",/leɪ/,v,放，搁；下(蛋)
850,lazy,/ˈleɪzi/,adj,懒惰的
851,"lead (led, led)",/lɛd/,v,领导；带领
852,learn (learnt，learnt；learned，learned),/lərn/,v,学习，学会
853,"leave (left, left)",/liv/,v / n,离开；把……留下；剩下；准假
854,lecture,/ˈlɛkʧər/,n,讲座；演讲
855,left,/lɛft/,adj / adv / n,左边的；向左；左，左边
856,leg,/lɛg/,n,腿
857,"lend (lent, lent)",/lɛnd/,v,借(出)；把……借给
858,length,/lɛŋθ/,n,长度
859,lesson,/ˈlɛsən/,n,课；功课；教训
860,"let (let, let)",/lɛt/,v,让
861,letter,/ˈlɛtər/,n,信；字母
862,level,/ˈlɛvəl/,n,水平线；水平
863,librarian,/laɪˈbrɛˌriən/,n,图书馆管理员
864,library,/ˈlaɪbrɛˌri/,n,图书馆，图书室
865,lie,/laɪ/,n & v / v,"谎言； 说谎；(lay, lain) 躺；卧；位于"
866,life (复 lives),/laɪf/,n,生命；生活；人生
867,lift,/lɪft/,v / n,举起，抬起；(英)电梯
868,light,/laɪt/,n / adj,光；灯光；明亮的；轻的；浅色的
869,like,/laɪk/,prep / v,像，跟……一样；喜欢；喜爱；想要(should/would like)
870,likely,/ˈlaɪkli/,adj / adv,很可能的；很可能地
871,limited,/ˈlɪmɪtɪd/,adj,有限的，限制的
872,line,/laɪn/,n / v,排，行；线路；排队
873,link,/lɪŋk/,v & n,连接； 联系
874,lion,/laɪən/,n,狮子
875,liquid,/ˈlɪkwɪd/,n,液体
876,list,/lɪst/,n,目录，清单
877,listen,/ˈlɪsən/,v,听；仔细听
878,litter,/ˈlɪtər/,n / v,废物，垃圾；乱丢杂物
879,little (比较级 less，最高级 least),/ˈlɪtəl/,adj / adv / n,小的，少的；很少地，稍许；没有多少，一点
880,live,/lɪv/,v,生活；居住；活着
881,local,/ˈloʊkəl/,adj / n,当地的； 地方的；本地人
882,locate,/ˈloʊˌkeɪt/,v,坐落于；确定……的地方
883,location,/loʊˈkeɪʃən/,n,位置；场所
884,lock,/lɑk/,n & v,锁
885,London,/ˈləndən/,n,伦敦
886,lonely,/ˈloʊnli/,adj,孤独的，寂寞的
887,long,/lɔŋ/,adj,(时间)长的，(距离)远的
888,look,/lʊk/,n / v,看，瞧；看；观看；看起来
889,"lose (lost, lost)",/luz/,v,失去；丢失
890,lost,/lɔst/,adj,丢失的，迷路的
891,lot,/lɔt/,n,许多
892,loud,/laʊd/,adj,大声的
893,loudly,/ˈlaʊdli/,adv,大声地
894,love,/ləv/,n & v,爱；热爱；很喜欢
895,lovely,/ˈləvli/,adj,美好的；可爱的
896,low,/loʊ/,adj & adv,低；矮
897,luck,/lək/,n,运气，好运
898,luckily,/ˈləkəli/,adv,幸运地；侥幸地
899,lucky,/ˈləki/,adj,幸运的
900,luggage,/ˈləgɪʤ/,n,行李
901,lunch,/lənʧ/,n,午餐；午饭
902,machine,/məˈʃin/,n,机器
903,mad,/mæd/,adj,发疯的；生气的
904,magazine,/ˈmægəˌzin/,n,杂志
905,magic,/ˈmæʤɪk/,n,魔术；魔法
906,mail,/meɪl/,n / v,(美)邮件；邮递；邮寄
907,main,/meɪn/,adj,主要的
908,mainly,/ˈmeɪnli/,adv,主要地
909,major,/ˈmeɪʤər/,adj / n,主要的；(大学中的)主修科目
910,"make (made, made)",/meɪk/,v,制造；做；使得
911,male,/meɪl/,adj / n,男(性)的；雄的；男性
912,man (复 men),/mæn/,n,成年男人；人；人类
913,manage,/ˈmænɪʤ/,v,管理；经营；处理；设法对付
914,manager,/ˈmænɪʤər/,n,经理
915,manner(s),/ˈmænər/,n,方式；态度，举止
916,many (比较级 more，最高级 most),/ˈmɛni/,adj / pron,许多的；许多人或物
917,map,/mæp/,n,地图
918,mark,/mɑrk/,n / vt,标记，记号；符号；(考试等)分数；标明，作记号于；给……打分数
919,market,/ˈmɑrkɪt/,n,市场；集市
920,marry,/ˈmɛri/,v,(使)成婚，结婚
921,match,/mæʧ/,n / v,比赛，竞赛；火柴；与……匹配
922,material,/məˈtɪriəl/,n,材料，原料
923,maths (=mathematics，美 math),/maths*/,n,(通常作单数用)数学
924,matter,/ˈmætər/,n / v,要紧事，麻烦事，事情；问题；物质；(用于否定句和疑问句)要紧，有关系
925,may (might),/meɪ/,aux v,可以；也许，可能
926,maybe,/ˈmeɪbi/,adv,可能，大概；也许
927,meal,/mil/,n,一餐(饭)
928,mean,/min/,v / adj,"(meant, meant) 意思是，意味着；刻薄的"
929,meaning,/ˈminɪŋ/,n,意思，意义；含义
930,meat,/mit/,n,肉
931,medical,/ˈmɛdɪkəl/,adj,医学的，医疗的
932,medicine,/ˈmɛdəsən/,n,药
933,medium,/ˈmidiəm/,adj,中间的，中等的
934,"meet (met, met)",/mit/,v / n,遇见，见到；会见；迎接；满足；会，集会
935,meeting,/ˈmitɪŋ/,n,会；集会；会见
936,member,/ˈmɛmbər/,n,成员，会员
937,memory,/ˈmɛməri/,n,回忆，记忆
938,mention,/ˈmɛnʃən/,v,提到，说起
939,menu,/ˈmɛnju/,n,菜单
940,message,/ˈmɛsɪʤ/,n,消息；音信
941,metal,/ˈmɛtəl/,n,金属
942,method,/ˈmɛθəd/,n,方法，办法
943,metre (美 meter),/ˈmitər/,n,米，公尺
944,middle,/ˈmɪdəl/,n,中间；当中；中部
945,mile,/maɪl/,n,英里
946,milk,/mɪlk/,n,牛奶
947,mind,/maɪnd/,n / v,思想；想法；介意；关心
948,minus,/ˈmaɪnəs/,prep & adj,负的，减去的
949,minute,/ˈmɪnət/,n,分钟；一会儿，瞬间
950,mirror,/ˈmɪrər/,n,镜子
951,miss,/mɪs/,v,失去，错过，缺；惦记
952,Miss,/mɪs/,n,小姐，女士(称呼未婚妇女)
953,mistake,/mɪˈsteɪk/,n / v,错误；弄错，误解
954,mix,/mɪks/,v,混合，搅拌
955,mixture,/ˈmɪksʧər/,n,混合物
956,model,/ˈmɑdəl/,n,模型；范例；模范；模特
957,modern,/ˈmɑdərn/,adj,现代的
958,moment,/ˈmoʊmənt/,n,片刻，瞬间
959,money,/ˈməni/,n,钱；货币
960,monitor,/ˈmɑnətər/,n,班长；监视器
961,monkey,/ˈməŋki/,n,猴子
962,month,/mənθ/,n,月，月份
963,mood,/mud/,n,心情，语气，气氛
964,moon,/mun/,n,月球，月亮
965,more(much 或 many 的比较级),/mɔr/,adj / adv / n,较多的；更大的；更多的；再；更；更多的量
966,morning,/ˈmɔrnɪŋ/,n,早晨，上午
967,most (much 或 many 的最高级),/moʊst/,adj / adv / n,最大的；最多的；大多数的；大部分的；最；大部分，大多数
968,mother,/ˈməðər/,n,母亲
969,motorcycle,/ˈmoʊtərˌsaɪkəl/,n,摩托车
970,mountain,/ˈmaʊntən/,n,山；山脉
971,mouse (复 mice),/maʊs/,n,老鼠；(计算机)鼠标
972,mouth,/maʊθ/,n,嘴，口
973,move,/muv/,v,移动；搬动；搬家；感动
974,movie,/ˈmuvi/,n,电影
975,Mr,/ˈmɪstər/,n,先生
976,Mrs,/ˈmɪsɪz/,n,夫人，太太
977,"much (more, most)",/məʧ/,adj / adv / n,(修饰不可数名词)许多的，大量的；非常；更加；(表示不可数名词)许多；大量
978,mum,/məm/,n,(口语)妈妈
979,museum,/mˈjuziəm/,n,博物馆
980,mushroom,/ˈməʃrum/,n,蘑菇
981,music,/mˈjuzɪk/,n,音乐；乐曲
982,must,/məst/,aux v,必须；需要；应当；必定是，一定
983,name,/neɪm/,n / v,名字；姓名；名称；命名，名叫
984,narrow,/ˈnɛroʊ/,adj,狭窄的
985,nation,/ˈneɪʃən/,n,民族；国家
986,national,/ˈnæʃənəl/,adj,全国性的；国家的；民族的
987,nationality,/ˌnæʃəˈnælɪti/,n,国籍
988,native,/ˈneɪtɪv/,adj / n,本地的；本国的；当地的；本地人；本国人
989,natural,/ˈnæʧərəl/,adj,自然的，天然的
990,nature,/ˈneɪʧər/,n,自然；本质
991,naughty,/ˈnɔti/,adj,顽皮的
992,near,/nɪr/,prep / adj / adv,在……附近；近的，附近的；附近，邻近
993,nearby,/ˈnɪrˈbaɪ/,adj / adv,附近的；在附近
994,nearly,/ˈnɪrli/,adv,将近；几乎；差不多
995,necessary,/ˈnɛsəˌsɛri/,adj,必需的，必要的
996,need,/nid/,aux v / v / n,必须；需要；必须；需要，需求；必要
997,neighbour (美,/ˈneɪbər/,n,eighbor) n. 邻居
998,neighbourhood (美,/ˈneɪbərˌhʊd/,n,eighborhood) n. 邻近地区，街坊
999,neither,/ˈniðər/,pron / adj / adv / conj,(两者)都不；(两者)都不；也不；也不
1000,nervous,/ˈnərvəs/,adj,紧张的
1001,net,/nɛt/,n,网
1002,network,/ˈnɛtˌwərk/,n,网络；网络系统
1003,never,/ˈnɛvər/,adv,决不；从来没有
1004,new,/nu/,adj,新的；新鲜的
1005,news,/nuz/,n,新闻；消息
1006,newspaper,/ˈnuzˌpeɪpər/,n,报纸
1007,next,/nɛkst/,adj / adv,最近的；紧挨着的；隔壁的；下一次的；最近地；然后；下一步
1008,nice,/nis/,adj,令人愉快的；好的；漂亮的
1009,night,/naɪt/,n,夜；夜间
1010,nobody,/ˈnoʊˌbɑˌdi/,pron,没有人，谁也不
1011,noise,/nɔɪz/,n,声音；噪声；响声
1012,noisy,/ˈnɔɪzi/,adj,嘈杂的；喧闹的
1013,none,/nən/,pron,没有任何东西；没有人
1014,noodle,/ˈnudəl/,n,面条
1015,nor,/nɔr/,conj,也不
1016,north,/nɔrθ/,adj / n,北的；朝北的；北方的；北；北方；北部
1017,nose,/noʊz/,n,鼻子
1018,note,/noʊt/,n,便条，笔记；钞票
1019,nothing,/ˈnəθɪŋ/,pron,没有东西；没有什么
1020,notice,/ˈnoʊtɪs/,n / v,布告；通知；注意；注意，注意到
1021,novel,/ˈnɑvəl/,n,小说
1022,now,/naʊ/,adv,现在
1023,nowadays,/ˈnaʊəˌdeɪz/,adv,当今，现在
1024,nowhere,/ˈnoʊˌwɛr/,adv,任何地方都不
1025,number,/ˈnəmbər/,n,数，数字；号码；数量
1026,nurse,/nərs/,n,护士；保育员
1027,obey,/oʊˈbeɪ/,v,服从；顺从；听从
1028,observe,/əbˈzərv/,v,观察；观测
1029,occupation,/ˌɑkjəˈpeɪʃən/,n,职业
1030,ocean,/ˈoʊʃən/,n,海洋
1031,o’clock,/o’clock*/,adv,……点钟
1032,of,/əv/,prep,(表示所属，数量，其中等)……的
1033,off,/ɔf/,adv / prep,离开，走开；断掉(水、电等)；完，光；脱离，(走)开；从……离开
1034,offer,/ˈɔfər/,n & v,提供
1035,office,/ˈɔfəs/,n,办公室
1036,officer,/ˈɔfɪsər/,n,官员，办事员
1037,official,/əˈfɪʃəl/,n / adj,(公司、团体或政府的)官员；官方的，政府的；官员的
1038,often,/ˈɔfən/,adv,经常，常常
1039,oil,/ɔɪl/,n,油；石油
1040,old,/oʊld/,adj,年老的；古老的；旧的
1041,Olympic,/oʊˈlɪmpɪk/,adj / n,奥林匹克的；奥林匹克(运动会)
1042,on,/ɔn/,prep / adv / adj,在……之上；在……时刻；关于；(穿，放……)上；(水、电等)接通；进行下去；在上映
1043,once,/wəns/,adv & conj & n,一次，一度，从前
1044,one,/wən/,pron,一
1045,online,/ˈɔnˌlaɪn/,adj / adv,在线的；在线地
1046,only,/ˈoʊnli/,adv / adj,只；只是；仅仅；唯一的，仅有的
1047,onto,/ˈɔntu/,prep,到……上面
1048,open,/ˈoʊpən/,v / adj,打开；张开；开办；开设；开着的，开口的；敞开的；营业中的
1049,operate,/ˈɔpərˌeɪt/,v,动手术，开刀；操作；运转
1050,operation,/ˌɑpərˈeɪʃən/,n,手术
1051,opinion,/əˈpɪnjən/,n,看法，观点
1052,opposite,/ˈɑpəzɪt/,adj & prep,在……对面；相对的；对立的
1053,or,/ər/,conj,或者；还是；否则
1054,orange,/ˈɔrɪnʤ/,n / adj,橘子，橙；橙色；橙色的
1055,order,/ˈɔrdər/,n / v,命令，指示；顺序；命令；定购；点(菜、饮料等)
1056,ordinary,/ˈɔrdəˌnɛri/,adj,普通的，平常的
1057,organization,/ˌɔrgənəˈzeɪʃən/,n,组织，团体，机构
1058,organize,/ˈɔrgəˌnaɪz/,v,组织
1059,other,/ˈəðər/,adj / pron,其他的；另外的；别人；别的东西
1060,ought (to),/ɔt/,aux,.v. 应该，应当
1061,out,/aʊt/,adv,向外；在外；离开
1062,outdoor,/ˈaʊtˌdɔr/,adj,室外的
1063,outside,/ˈaʊtˈsaɪd/,prep / adv,在……外；在外面
1064,oven,/ˈəvən/,n,炉子；烤箱
1065,over,/ˈoʊvər/,prep / adv,在……上方；越过；遍及；超过；结束；越过；翻转
1066,own,/oʊn/,adj / v,自己的；拥有
1067,owner,/ˈoʊnər/,n,拥有者；物主
1068,Pacific,/pəˈsɪfɪk/,n,太平洋
1069,pack,/pæk/,n / v,包；打包
1070,page,/peɪʤ/,n,页；页码
1071,pain,/peɪn/,n,疼痛，疼
1072,paint,/peɪnt/,v / n,油漆，粉刷；绘画；油漆；涂料；颜料
1073,painting,/ˈpeɪnɪŋ/,n,画，油画，水彩画
1074,pair,/pɛr/,n,一双；一对
1075,palace,/ˈpæləs/,n,宫；宫殿
1076,pale,/peɪl/,adj,苍白的，灰白的
1077,panda,/ˈpændə/,n,熊猫
1078,paper,/ˈpeɪpər/,n,(不可数)纸；(可数)报纸；考卷；文件
1079,parent,/ˈpɛrənt/,n,父(母)，(复数)双亲
1080,Paris,/ˈpɛrɪs/,n,(法国首都)巴黎
1081,park,/pɑrk/,n / v,公园；停放(车辆等)
1082,part,/pɑrt/,n,部分；角色；部件；零件
1083,partner,/ˈpɑrtnər/,n,搭档，合作者
1084,party,/ˈpɑrti/,n,聚会，晚会；政党；党派
1085,pass,/pæs/,v,传，递；经过，路过；通过
1086,passage,/ˈpæsɪʤ/,n,(文章等的)一节，一段；通道
1087,passenger,/ˈpæsənʤər/,n,乘客；旅客
1088,passport,/ˈpæˌspɔrt/,n,护照
1089,past,/pæst/,prep / n,(指时间等)过……；走过某处；过去；昔日；往事
1090,patient,/ˈpeɪʃənt/,n / adj,病人；耐心的
1091,pay (paid，paid),/peɪ/,v / n,付钱，给……报酬；工资
1092,P.E.,/p.e*/,,体育
1093,peace,/pis/,n,和平
1094,pear,/pɛr/,n,梨
1095,pearl,/pərl/,n,珍珠
1096,pen,/pɛn/,n,钢笔；笔
1097,pencil,/ˈpɛnsəl/,n,铅笔
1098,people,/ˈpipəl/,n,人；人们；人民
1099,per,/pər/,prep,每，每一
1100,percent,/pərˈsɛnt/,n,百分比
1101,perfect,/ˈpərˌfɪkt/,adj,完美的；极好的
1102,performance,/pərˈfɔrməns/,n,表演，演出；行动
1103,perhaps,/pərˈhæps/,adv,可能，也许
1104,person,/ˈpərsən/,n,人
1105,personal,/ˈpərsɪnəl/,adj,个人的；私人的
1106,pet,/pɛt/,n,宠物
1107,phone (=telephone),/foʊn/,n / v,电话，电话机；打电话
1108,photo (=photograph),/ˈfoʊˌtoʊ/,n,照片
1109,physical,/ˈfɪzɪkəl/,adj,身体的；物理的
1110,physics,/ˈfɪzɪks/,n,物理(学)
1111,piano,/piˈænə/,n,钢琴
1112,pick,/pɪk/,v,拾起；摘；采集；挑选
1113,picnic,/ˈpɪkˌnɪk/,n,野餐
1114,picture,/ˈpɪkʧər/,n,图片，画片，照片；影片
1115,piece,/pis/,n,一块(片，张，件，段……)；碎片；部件
1116,pig,/pɪg/,n,猪
1117,pill,/pɪl/,n,药丸
1118,pilot,/ˈpaɪlət/,n,飞行员
1119,pin,/pɪn/,v / n,用针别；针
1120,pineapple,/ˈpaɪˌnæpəl/,n,菠萝
1121,pink,/pɪŋk/,adj / n,粉红色的；粉红
1122,pioneer,/ˌpaɪəˈnɪr/,n,先锋；开拓者
1123,pity,/ˈpɪti/,n,怜悯；同情；可惜
1124,pizza,/ˈpitsə/,n,比萨饼
1125,place,/pleɪs/,n / v,地方；处所；放置
1126,plan,/plæn/,n & v,计划，打算
1127,plane,/pleɪn/,n,飞机
1128,planet,/ˈplænət/,n,行星
1129,plant,/plænt/,v / n,种植；播种；植物
1130,plastic,/ˈplæstɪk/,adj,塑料的
1131,plate,/pleɪt/,n,盘子；碟子；板；牌
1132,platform,/ˈplætˌfɔrm/,n,讲台；站台
1133,play,/pleɪ/,v / n,玩；打(球)；演奏；扮演；播放；玩耍；戏剧；剧本
1134,player,/pleɪər/,n,运动员
1135,playground,/ˈpleɪˌgraʊnd/,n,操场，运动场
1136,pleasant,/ˈplɛzənt/,adj,令人愉快的，舒适的
1137,please,/pliz/,v,请
1138,pleased,/plizd/,adj,感到高兴的；感到满意的
1139,pleasure,/ˈplɛʒər/,n,高兴；愉快
1140,plenty,/ˈplɛnti/,n,丰富，充足；大量
1141,plus,/pləs/,prep,加，加上
1142,P.M. (p.m.),/p.m*/,,下午
1143,pocket,/ˈpɑkət/,n,(衣服的)口袋
1144,poem,/poʊəm/,n,诗
1145,point,/pɔɪnt/,v / n,指；指向；点；分数；小数点
1146,pole,/poʊl/,n,杆；极
1147,policeman (复数 policemen),/pəˈlismən/,n,警察
1148,polite,/pəˈlaɪt/,adj,有礼貌的
1149,politely,/pəˈlaɪtli/,adv,有礼貌地
1150,politics,/ˈpɑləˌtɪks/,n,政治
1151,pollute,/pəˈlut/,v,污染，弄脏
1152,pollution,/pəˈluʃən/,n,污染
1153,pool,/pul/,n,水塘，水池
1154,poor,/pur/,adj,贫穷的；可怜的；不好的
1155,popular (=pop),/ˈpɑpjələr/,adj,流行的；大众的；受欢迎的
1156,population,/ˌpɑpjəˈleɪʃən/,n,人口，人数
1157,pork,/pɔrk/,n,猪肉
1158,possible,/ˈpɑsəbəl/,adj,可能的，也许的
1159,possibly,/ˈpɑsəbli/,adv,可能地，也许
1160,post,/poʊst/,n / v,邮政，邮寄，邮件；投寄； 邮寄
1161,postcard,/ˈpoʊˌskɑrd/,n,明信片
1162,poster,/ˈpoʊstər/,n,海报
1163,postman (复数 postmen),/ˈpoʊstmən/,n,邮递员
1164,pot,/pɑt/,n,锅；壶；罐
1165,potato,/pəˈteɪˌtoʊ/,n,土豆，马铃薯
1166,pound,/paʊnd/,n,磅(重量单位)；英镑
1167,power,/paʊər/,n,电源；能源；动力；电力
1168,powerful,/ˈpaʊərfəl/,adj,强大的
1169,practice,/ˈpræktɪs/,n / v,练习；实践；(英 practise) 练习；实践
1170,praise,/preɪz/,n & v,赞扬；表扬
1171,precious,/ˈprɛʃəs/,adj,宝贵的， 珍贵的
1172,predict,/prɪˈdɪkt/,v,预言；预料
1173,prefer,/prɪˈfər/,v,宁愿(选择)，更喜欢
1174,prepare,/priˈpɛr/,v,准备， 预备
1175,present,/ˈprɛzənt/,n / adj,礼物；赠品；现在；出现的，出席的
1176,president,/ˈprɛzɪdənt/,n,总统；主席
1177,press,/prɛs/,v,压，按
1178,pretend,/priˈtɛnd/,v,假装，装作
1179,pretty,/ˈprɪti/,adj,漂亮的
1180,prevent,/prɪˈvɛnt/,v,防止，预防；阻止，阻挡
1181,price,/praɪs/,n,价格
1182,primary,/ˈpraɪˌmɛri/,adj,初等的；初级的
1183,print,/prɪnt/,v,打印，印刷
1184,prison,/ˈprɪzən/,n,监狱
1185,private,/ˈpraɪvət/,adj,私人的；私有的
1186,prize,/praɪz/,n,奖赏，奖品
1187,probably,/ˈprɑbəˌbli/,adv,很可能地，大概，或许
1188,problem,/ˈprɑbləm/,n,问题，难题，习题
1189,process,/ˈprɔˌsɛs/,v / n,处理；加工；过程
1190,produce,/ˈproʊdus/,v,生产；产生；制造
1191,product,/ˈprɑdəkt/,n,产品
1192,professional,/prəˈfɛʃənəl/,adj,职业的；专业的
1193,programme (美 program),/ˈproʊˌgræm/,n,节目；项目
1194,progress,/ˈprɑˌgrɛs/,n,进步，进展
1195,project,/ˈprɑʤɛkt/,n,工程；课程；作业；项目；规划
1196,promise,/ˈprɑməs/,n & v,答应；承诺
1197,pronounce,/prəˈnaʊns/,v,发音
1198,properly,/ˈprɑpərli/,adv,恰当地，合适地
1199,protect,/prəˈtɛkt/,v,保护
1200,proud,/praʊd/,adj,自豪的；骄傲的
1201,prove,/pruv/,v,证明
1202,proverb,/ˈprɑvərb/,n,谚语，格言
1203,provide,/prəˈvaɪd/,v,提供
1204,public,/ˈpəblɪk/,adj / n,公共的，公众的；公众
1205,publish,/ˈpəblɪʃ/,v,出版
1206,pull,/pʊl/,v,拉；拖；拔
1207,purpose,/ˈpərpəs/,n,目的；用途
1208,push,/pʊʃ/,n & v,推
1209,put (put，put),/pʊt/,v,放；摆
1210,quality,/kˈwɑləti/,n,质量
1211,quarter,/kˈwɔrtər/,n,四分之一；一刻钟
1212,queen,/kwin/,n,皇后，女王
1213,question,/kˈwɛʃən/,n,问题
1214,quick,/kwɪk/,adj,快的；敏捷的；迅速的
1215,quickly,/kˈwɪkli/,adv,快地；迅速地
1216,quiet,/kwaɪət/,adj,安静的
1217,quietly,/kˈwaɪətli/,adv,安静地
1218,quite,/kwaɪt/,adv,完全；十分；相当
1219,quiz,/kwɪz/,n,测验
1220,race,/reɪs/,v / n,比赛；赛跑；赛跑
1221,radio,/ˈreɪdiˌoʊ/,n,无线电；收音机
1222,railway,/ˈreɪlˌweɪ/,n,铁路；铁道
1223,rain,/reɪn/,n / v,雨；雨水；下雨
1224,rainy,/ˈreɪni/,adj,有雨的；多雨的
1225,raise,/reɪz/,v,举起，使升高；饲养，抚养；筹钱
1226,rarely,/ˈrɛrli/,adv,罕有；很少；不常
1227,rather,/ˈrəðər/,adv,相当，颇；宁可
1228,reach,/riʧ/,v,到达
1229,"read (read, read)",/rɛd/,v,读；朗读
1230,ready,/ˈrɛdi/,adj,准备好的；乐于
1231,real,/ril/,adj,真实的，确实的；真正的
1232,realize,/ˈriəˌlaɪz/,v,认识到；实现
1233,really,/ˈrɪli/,adv,真正地；确实
1234,reason,/ˈrizən/,n,理由；原因
1235,rebuild,/riˈbɪld/,v,重建
1236,receive,/rɪˈsiv/,v,收到，得到
1237,recent,/ˈrisənt/,adj,近来的，最近的
1238,recently,/ˈrisəntli/,adv,最近，近来
1239,recognize,/ˈrɛkəgˌnaɪz/,v,辨认出；认识
1240,record,/ˈrɛkərd/,n / v,记录； 唱片；录制，录音；记录
1241,recycle,/riˈsaɪkəl/,v,回收利用； 使再循环
1242,red,/rɛd/,adj / n,红色的；红色
1243,reduce,/rɪˈdus/,v,减少；缩减
1244,reference,/ˈrɛfərəns/,n,参考
1245,refuse,/ˈrɛfˌjuz/,v,拒绝；不愿
1246,regular,/ˈrɛgjələr/,adj,规则的，经常
1247,relationship,/riˈleɪʃənˌʃɪp/,n,关系
1248,relative,/ˈrɛlətɪv/,n,亲属
1249,relax,/rɪˈlæks/,v,(使)放松，轻松
1250,release,/riˈlis/,n & v,释放，排放；发行，发表
1251,rely,/rɪˈlaɪ/,v,依靠
1252,remember,/rɪˈmɛmbər/,v,记得；想起
1253,remind,/riˈmaɪnd/,v,提醒
1254,repair,/rɪˈpɛr/,n & v,修理
1255,repeat,/rɪˈpit/,v,重复
1256,reply,/rɪˈplaɪ/,n & v,回答，答复
1257,report,/rɪˈpɔrt/,n / v,报道；报告；成绩单；报告；汇报
1258,reporter,/rɪˈpɔrtər/,n,记者
1259,republic,/riˈpəblɪk/,n,共和国
1260,require,/ˌrikˈwaɪər/,v,需求；要求
1261,research,/ˈrisərʧ/,n,研究；调查
1262,resource,/ˈrisɔrs/,n,资源
1263,respect,/rɪˈspɛkt/,n & v,尊敬，尊重
1264,response,/rɪˈspɑns/,n,响应；反应；作答
1265,responsible,/riˈspɑnsəbəl/,adj,负责的；有责任的
1266,responsibility,/riˌspɑnsəˈbɪləti/,n,责任，职责，责任心
1267,rest,/rɛst/,n / v,休息；剩余部分，其余的人(物)；休息，歇息
1268,restaurant,/ˈrɛˌstrɑnt/,n,饭馆； 饭店
1269,result,/rɪˈzəlt/,n,结果；成果
1270,retired,/rɪˈtaɪrd/,adj,退休的
1271,return,/rɪˈtərn/,v,回来；返回；归还；偿还
1272,reuse,/riˈjuz/,v,再利用
1273,review,/ˌrivˈju/,n & v,复习；评论
1274,rice,/raɪs/,n,稻；米；米饭
1275,rich,/rɪʧ/,adj,富裕的，有钱的；味道浓的；重油的
1276,rid,/rɪd/,v,使摆脱
1277,"ride (rode, ridden)",/raɪd/,v / n,骑(马、自行车等)；乘车旅行
1278,right,/raɪt/,adj / adv / n,对；正确的；恰当的；右边的；正确地；恰恰；向右，在右边；右；权利
1279,"ring (rang, rung)",/rɪŋ/,v / n,(钟、铃等)响；摇铃；打电话；打电话；铃声；环形物
1280,rise,/raɪz/,v,上升，上涨；起立
1281,river,/ˈrɪvər/,n,江；河
1282,road,/roʊd/,n,路；道路
1283,roast,/roʊst/,v,烤(肉)
1284,robot,/ˈroʊˌbət/,n,机器人
1285,rock,/rɑk/,n,岩石
1286,rocket,/ˈrɑkət/,n,火箭
1287,role,/roʊl/,n,角色
1288,room,/rum/,n,房间，室；空间；地方
1289,root,/rut/,n,根；根源；起源
1290,rope,/roʊp/,n,绳子
1291,rose,/roʊz/,n,玫瑰花
1292,rough,/rəf/,adj,粗糙的；不平的；风浪急的
1293,round,/raʊnd/,adj / adv / prep,圆的；球形的；环绕地；在周围；环绕一周，围着
1294,row,/roʊ/,n,(一)排，(一)行
1295,rubbish,/ˈrəbɪʃ/,n,垃圾；废物
1296,rude,/rud/,adj,无理的，粗鲁的
1297,rule,/rul/,n / v,规则；规定；统治
1298,"run (ran, run)",/rən/,v / n,跑，奔跑；经营，管理；跑，奔跑
1299,rush,/rəʃ/,v,冲，奔跑
1300,sad,/sæd/,adj,悲伤的
1301,sadly,/ˈsædli/,adv,悲哀地，忧愁地，令人遗憾地；不幸地
1302,safe,/seɪf/,adj / n,安全的；平安的；保险柜
1303,safely,/ˈseɪfli/,adv,安全地；平安地
1304,safety,/ˈseɪfti/,n,安全；平安
1305,salad,/ˈsæləd/,n,色拉
1306,salary,/ˈsæləri/,n,薪金，薪水
1307,sale,/seɪl/,n,卖，出售
1308,salt,/sɔlt/,n,盐
1309,salty,/ˈsɔlti/,adj,咸的；含盐的
1310,same,/seɪm/,adj / pron,同样的，同一的；同样的事
1311,sandwich,/ˈsænwɪʧ/,n,三明治
1312,satisfied,/ˈsætɪsˌfaɪd/,adj,满足的，满意的
1313,satisfying,/ˈsætɪsˌfaɪɪŋ/,adj,令人满意的，令人满足的
1314,sauce,/sɔs/,n,酱汁； 调味汁
1315,save,/seɪv/,v,救，挽救；节省
1316,"say (said, said)",/seɪ/,v,说，讲
1317,saying,/seɪɪŋ/,n,谚语，俗语；格言
1318,schedule,/ˈskɛʤʊl/,n,时间表
1319,school,/skul/,n,学校
1320,science,/saɪəns/,n,科学，自然科学
1321,scientist,/ˈsaɪəntɪst/,n,科学家
1322,score,/skɔr/,n,得分；分数
1323,screen,/skrin/,n,屏幕；荧光屏
1324,sea,/si/,n,海，海洋
1325,seafood,/ˈsiˌfud/,n,海鲜
1326,search,/sərʧ/,n & v,搜寻；搜查
1327,seaside,/ˈsiˌsaɪd/,n,海滨
1328,season,/ˈsizən/,n,季；季节
1329,seat,/sit/,n,座位
1330,second,/ˈsɛkənd/,n / adj / adv,第二个；秒；第二位的；第二位；其次
1331,secondary,/ˈsɛkənˌdɛri/,adj,中等的；第二的
1332,secret,/ˈsikrɪt/,n,秘密
1333,secretary,/ˈsɛkrəˌtɛri/,n,秘书
1334,section,/ˈsɛkʃən/,n,部分；部门；栏目
1335,"see (saw, seen)",/si/,v,看见，看到；领会，理解；拜访，会见
1336,seed,/sid/,n,种子
1337,seem,/sim/,v,似乎，好像
1338,seldom,/ˈsɛldəm/,adv,很少，不常
1339,select,/səˈlɛkt/,v,选择，挑选，选拔
1340,"sell (sold, sold)",/sɛl/,v,卖；销售
1341,"send (sent, sent)",/sɛnd/,v,打发，派遣；送，邮寄
1342,senior,/ˈsinjər/,adj,年长的；高年级的；高级的
1343,sense,/sɛns/,n,感觉；意识；感官
1344,sentence,/ˈsɛntəns/,n,句子
1345,serious,/ˈsɪriəs/,adj,严肃的；严重的；认真的
1346,seriously,/ˈsɪriəsli/,adj,严肃地；严重地；认真地
1347,serve,/sərv/,v,招待(顾客等)；为……服务
1348,service,/ˈsərvɪs/,n,服务；公用事业
1349,"set (set, set)",/sɛt/,v,释放，安置；树立(榜样)；创造(纪录)
1350,settle,/ˈsɛtəl/,v,安家，定居；解决
1351,several,/ˈsɛvərəl/,adj,几个，数个
1352,"shake (shook, shaken)",/ʃeɪk/,v,握(手)，摇(头)；使震动
1353,shall (should),/ʃæl/,aux v,(表示将来)将要，会；(表示征求意见)……好吗
1354,shame,/ʃeɪm/,n,遗憾的事；羞愧
1355,shape,/ʃeɪp/,n,形状；外形；样子
1356,share,/ʃɛr/,v,分享；共同使用
1357,sheep (复 sheep),/ʃip/,n,(绵)羊
1358,shelf (复 shelves),/ʃɛlf/,n,架子；搁板
1359,"shine (shone, shone)",/ʃaɪn/,v,发光；照耀；使发光
1360,ship,/ʃɪp/,n,船，轮船
1361,shirt,/ʃərt/,n,男衬衫
1362,shoe,/ʃu/,n,鞋
1363,shop,/ʃɑp/,n / v,店铺；购物
1364,short,/ʃɔrt/,adj,短的；矮的；短缺的
1365,should (shall 的过去时态),/ʃʊd/,aux v,应当，应该，会
1366,shout,/ʃaʊt/,n & v,喊；高声呼喊
1367,"show (showed, shown)",/ʃoʊ/,v / n,给……看；出示；显示；告知；表明；展示；演出；节目；展览会
1368,shower,/ʃaʊər/,n,阵雨； 淋浴
1369,"shut (shut, shut)",/ʃət/,v,关上，封闭
1370,shy,/ʃaɪ/,adj,害羞的
1371,sick,/sɪk/,adj,有病的，患病的；(想)呕吐的；恶心的
1372,side,/saɪd/,n,边，旁边；面，侧面
1373,sight,/saɪt/,n,风景；视力
1374,sightseeing,/ˈsaɪtˈsiɪŋ/,n,游览，观光
1375,sign,/saɪn/,n / v,符号，标记；签名，署名
1376,signal,/ˈsɪgnəl/,n,信号；手势
1377,silent,/ˈsaɪlənt/,adj,静的，无声的
1378,silk,/sɪlk/,n,丝，丝绸
1379,silly,/ˈsɪli/,adj,傻的，愚蠢的
1380,similar,/ˈsɪmələr/,adj,相似的，像
1381,simple,/ˈsɪmpəl/,adj,简单的，简易的
1382,since,/sɪns/,prep / conj,从……以来；自从；从……以来；由于，既然
1383,sing,/sɪŋ/,v,唱，唱歌
1384,singer,/ˈsɪŋər/,n,歌手； 歌唱家
1385,single,/ˈsɪŋgəl/,adj,单一的，单个的；单身的
1386,sir,/sər/,n,先生；阁下
1387,sister,/ˈsɪstər/,n,姐；妹
1388,"sit (sat, sat)",/sɪt/,v,坐
1389,situation,/ˌsɪʧuˈeɪʃən/,n,形势，情况；场面
1390,size,/saɪz/,n,尺寸；大小
1391,skate,/skeɪt/,v,溜冰
1392,skill,/skɪl/,n,技能，技巧
1393,skin,/skɪn/,n,皮肤
1394,skirt,/skərt/,n,女裙
1395,sky,/skaɪ/,n,天空
1396,"sleep (slept, slept)",/slip/,v / n,睡觉；睡眠
1397,slow,/sloʊ/,adj,慢慢的，缓慢的
1398,slowly,/sˈloʊli/,adv,慢慢地，缓慢地
1399,small,/smɔl/,adj,小的；少的
1400,smart,/smɑrt/,adj,灵巧的，聪明的；智能的
1401,"smell (smelt, smelt)",/smɛl/,v / n,嗅；闻到；气味
1402,smile,/smaɪl/,n & v,微笑
1403,smoke,/smoʊk/,n / v,烟；冒烟；吸烟
1404,snack,/snæk/,n,小吃
1405,snow,/snoʊ/,n / v,雪；下雪
1406,snowy,/snoʊi/,adj,下雪的；多雪的
1407,so,/soʊ/,adv / conj,如此，这么；也，同样；因此，所以；为的是，以便
1408,society,/soʊˈsaɪɪti/,n,社会
1409,soft,/sɔft/,adj,软的，柔和的
1410,softly,/ˈsɔftli/,adv,温柔地
1411,soldier,/ˈsoʊlʤər/,n,士兵；战士
1412,solution,/səˈluʃən/,n,解决方法；解答
1413,solve,/sɑlv/,v,解决，解答
1414,some,/səm/,adj / pron,一些，若干；几个；某一；若干，一些
1415,somebody/someone,/ˈsəmˌbɑdi/ /ˈsəmˌwən/,pron,某人；有人
1416,something,/ˈsəmθɪŋ/,pron,某事；某物
1417,sometimes,/ˈsəmˌtaɪmz/,adv,有时
1418,son,/sən/,n,儿子
1419,song,/sɔŋ/,n,歌唱；歌曲
1420,soon,/sun/,adv,不久；很快；一会儿
1421,sorry,/ˈsɑri/,adj,对不起的；抱歉的；难过的
1422,sound,/saʊnd/,n / v,声音；听起来；发出声音
1423,soup,/sup/,n,汤
1424,south,/saʊθ/,n / adj,南；南方；南部；南(方)的；向南的
1425,space,/speɪs/,n,空间；太空
1426,spaceship,/ˈspeɪsˌʃɪp/,n,宇宙飞船
1427,spare,/spɛr/,adj,空闲的；多余的，剩余的
1428,"speak (spoke, spoken)",/spik/,v,说，讲；谈话；发言
1429,special,/ˈspɛʃəl/,adj,特别的，专门的
1430,speech,/spiʧ/,n,演讲，说话
1431,speed,/spid/,n / v,速度；(使)加速
1432,spend,/spɛnd/,v,度过；花费(钱、时间等)
1433,spoon,/spun/,n,调羹
1434,sport,/spɔrt/,n,体育运动；锻炼
1435,"spread (spread, spread)",/sprɛd/,v,延伸； 展开
1436,spring,/spərɪŋ/,n,春天，春季
1437,square,/skwɛr/,n / adj,广场；平方的；方形的
1438,staff,/stæf/,n,全体职员
1439,stamp,/stæmp/,n,邮票
1440,"stand (stood, stood)",/stænd/,v,站；起立
1441,star,/stɑr/,n,星，恒星
1442,start,/stɑrt/,v / n,开始；着手；出发；开端，开始
1443,state,/steɪt/,n,状态； 情形；国家，(美国的)州
1444,station,/ˈsteɪʃən/,n,车站；电台
1445,stay,/steɪ/,n & v / v,停留，逗留，呆；保持
1446,steak,/steɪk/,n,牛排
1447,"steal (stole, stolen)",/stil/,v,偷， 窃取
1448,steam,/stim/,n,汽；水蒸气
1449,step,/stɛp/,n / v,脚步，台阶；走； 跨步
1450,stick,/stɪk/,n / v,"木棒(棍)，枝条；(stuck, stuck) 粘住，钉住；坚持"
1451,still,/stɪl/,adv / adj,仍然，还；不动的，平静的
1452,stocking,/ˈstɑkɪŋ/,n,长筒袜
1453,stomachache,/stomachache*/,n,胃疼
1454,stone,/stoʊn/,n,石头，石料
1455,stop,/stɑp/,v / n,停，停止；阻止；停；(停车)站
1456,store,/stɔr/,n / v,商店；储藏，存储
1457,storm,/stɔrm/,n,风暴，暴(风)雨(雪)
1458,story,/ˈstɔri/,n,故事，小说
1459,straight,/streɪt/,adj / adv,一直的，直的；一直地，直地
1460,strange,/streɪnʤ/,adj,奇怪的，奇特的；陌生的
1461,strawberry,/ˈstrɔˌbɛri/,n,草莓
1462,street,/strit/,n,街；街道
1463,stress,/strɛs/,n / v,压力；紧张；强调；加压力于；使紧张；强调
1464,strict,/strɪkt/,adj,严格的；严密的
1465,"strike (struck, struck/stricken)",/straɪk/,v,敲，打击， 侵袭；(钟)鸣
1466,strong,/strɔŋ/,adj,强(壮)的；坚固的；强烈的；坚强的
1467,stuck,/stək/,v / adj,stick 的过去式及过去分词；被卡住的，被困住的
1468,student,/ˈstudənt/,n,学生
1469,study,/ˈstədi/,v / n,学习；研究；学习；研究；书房
1470,stupid,/ˈstupɪd/,adj,愚蠢的，笨的
1471,style,/staɪl/,n,风格；方式；类型
1472,subject,/ˈsəbʤɪkt/,n,题目；主题；学科；主语；主体
1473,succeed,/səkˈsid/,v,获得成功，达到目的
1474,success,/səkˈsɛs/,n,成功
1475,successful,/səkˈsɛsfəl/,adj,成功的
1476,such,/səʧ/,adj / pron,这样的，那样的；(泛指)人，事物
1477,suddenly,/ˈsədənli/,adv,突然地
1478,suffer,/ˈsəfər/,v,受苦；遭受
1479,sugar,/ˈʃʊgər/,n,糖
1480,suggest,/səˈʤɛst/,v,建议；提议
1481,suggestion,/səˈʤɛsʧən/,n,建议，提议
1482,summer,/ˈsəmər/,n,夏天，夏季
1483,sun,/sən/,n,太阳；阳光
1484,sunny,/ˈsəni/,adj,阳光充足的，晴朗的
1485,super,/ˈsupər/,adj,超级的；极好的
1486,supermarket,/ˈsupərˌmɑrkɪt/,n,超级市场
1487,supper,/ˈsəpər/,n,晚餐，晚饭
1488,support,/səˈpɔrt/,vt & n,支持；赞助
1489,suppose,/səˈpoʊz/,v,猜想，假定，料想
1490,sure,/ʃʊr/,adj,确信的，肯定的，有把握的
1491,surface,/ˈsərfəs/,n,表面
1492,surprise,/səˈpraɪz/,n / v,惊奇，诧异；使惊奇，使诧异
1493,surprised,/səˈpraɪzd/,adj,感到惊奇的
1494,survey,/ˈsərˌveɪ/,n & v,调查
1495,survive,/sərˈvaɪv/,v,幸存，活下来； 存活；生还
1496,"sweep (swept, swept)",/swip/,v,扫除，扫
1497,sweet,/swit/,adj / n,甜的；可爱的；甜食；糖果
1498,"swim (swam, swum)",/swɪm/,v & n,游泳
1499,system,/ˈsɪstəm/,n,体系； 系统
1500,table,/ˈteɪbəl/,n,桌子；表格
1501,take (took，taken),/teɪk/,v,拿；拿走；做；吃，服用；乘坐(车、船)；花费(时间)；拍照
1502,talent,/ˈtælənt/,n,才能；天才
1503,talk,/tɔk/,n & v,谈话，讲话，演讲；交谈
1504,tall,/tɔl/,adj,高的
1505,tap,/tæp/,n,(自来水、煤气等的)龙头
1506,tape,/teɪp/,n,磁带；录音带
1507,task,/tæsk/,n,任务， 工作
1508,taste,/teɪst/,v / n,品尝， 尝味；味道
1509,taxi,/ˈtæksi/,n,出租汽车
1510,tea,/ti/,n,茶；茶叶
1511,"teach (taught, taught)",/tiʧ/,v,教书，教
1512,teacher,/ˈtiʧər/,n,教师
1513,team,/tim/,n,队，组
1514,tear,/tɪr/,n,眼泪
1515,technology,/tɛkˈnɑləʤi/,n,技术
1516,teenager,/ˈtiˌneɪʤər/,n,(13~19 岁的)青少年，十几岁的少年
1517,telephone,/ˈtɛləˌfoʊn/,v / n,打电话；电话，电话机
1518,television (TV),/ˈtɛləˌvɪʒən/,n,电视
1519,"tell (told, told)",/tɛl/,v,告诉；讲述；吩咐
1520,temperature,/ˈtɛmpərəʧər/,n,温度
1521,temple,/ˈtɛmpəl/,n,庙宇，寺院
1522,tennis,/ˈtɛnɪs/,n,网球
1523,term,/tərm/,n,学期
1524,terrible,/ˈtɛrəbəl/,n,可怕的；糟糕的
1525,test,/tɛst/,v & n,测试， 考查，试验
1526,text,/tɛkst/,n,文本，课文
1527,than,/ðən/,conj,比
1528,thank,/θæŋk/,v / n,感谢，致谢，道谢；(复)感谢，谢意
1529,thankful,/ˈθæŋkfəl/,adj,感谢的；感激的
1530,that,/ðət/,adj & pron / conj,那，那个；引导宾语从句
1531,theatre (美 theater),/ˈθiətər/,n,剧场，戏院
1532,then,/ðɛn/,adv,当时，那时；然后，后来；那么(通常用于句首或句尾)
1533,there,/ðɛr/,adv,在那里，往那里；(作引导词)表 “存在”
1534,these,/ðiz/,adj & pron,这些
1535,thick,/θɪk/,adj,厚的，浓的
1536,thin,/θɪn/,adj,薄的；瘦的；细的
1537,thing,/θɪŋ/,n,东西；事情
1538,"think (thought, thought)",/θɪŋk/,v,想；思考；认为；考虑
1539,thirsty,/ˈθərsti/,adj,渴
1540,this,/ðɪs/,adj & pron,这；这个
1541,those,/ðoʊz/,adj & pron,那些
1542,thought,/θɔt/,n,思想，想法
1543,through,/θru/,prep,穿(通)过；从始至终
1544,throughout,/θruaʊt/,prep,遍及；贯穿
1545,"throw (threw, thrown)",/θroʊ/,v,投，掷，扔
1546,ticket,/ˈtɪkɪt/,n,票；券
1547,tidy,/ˈtaɪdi/,adj,整洁的，干净的
1548,tie,/taɪ/,n / v,领带，结；(用绳，线)系，拴
1549,tiger,/ˈtaɪgər/,n,老虎
1550,till,/tɪl/,conj & prep,直到，直到……为止
1551,time,/taɪm/,n,时间；时期；钟点；次，回
1552,tip,/tɪp/,n,尖端；提示；小费；小窍门，建议
1553,tired,/taɪərd/,adj,疲劳的，累的
1554,title,/ˈtaɪtəl/,n,标题，题目
1555,to,/tɪ/,prep,(表示接受动作的人或物)给……；对……，向……，到……
1556,today,/təˈdeɪ/,adv & n,今天；现在，当前
1557,together,/təˈgɛðər/,adv,一起，共同
1558,tomato,/təˈmɑˌtoʊ/,n,番茄，西红柿
1559,tomorrow,/təˈmɑˌroʊ/,adv & n,明天
1560,tonight,/təˈnaɪt/,adv & n,今晚，今夜
1561,too,/tu/,adv,也，还；又；太，过分；很，非常
1562,tool,/tul/,n,工具
1563,tooth (复 teeth),/tuθ/,n,牙齿
1564,toothache,/toothache*/,n,牙痛
1565,top,/tɔp/,n / adj,顶部，(物体的)上面；最上面的；居首位的
1566,topic,/ˈtɑpɪk/,n,题目，话题
1567,touch,/təʧ/,v,触摸；接触；感动
1568,tour,/tʊr/,n,参观， 观光，旅行
1569,tourist,/ˈtʊrɪst/,n,游客，旅客，旅行者
1570,toward(s),/təˈwɔrd/,prep,向，朝，对于
1571,tower,/taʊər/,n,塔
1572,town,/taʊn/,n,城镇，城
1573,toy,/tɔɪ/,n,玩具
1574,tradition,/trəˈdɪʃən/,n,传统
1575,traditional,/trəˈdɪʃənəl/,adj,传统的
1576,traffic,/ˈtræfɪk/,n,交通
1577,train,/treɪn/,n / v,火车；培训，训练
1578,translate,/trænzˈleɪt/,v,翻译
1579,transport,/ˈtrænspɔrt/,v,运输，运送
1580,travel,/ˈtrævəl/,n & v,旅行
1581,tree,/tri/,n,树
1582,trick,/trɪk/,n,恶作剧；诡计，花招
1583,trip,/trɪp/,n,旅行，旅程
1584,trouble,/ˈtrəbəl/,n / v,问题；烦恼；麻烦；困难；使苦恼；使麻烦
1585,trousers,/ˈtraʊzərz/,n,裤子，长裤
1586,true,/tru/,adj,真的，真实的
1587,truck,/trək/,n,卡车；货车
1588,trust,/trəst/,n & v,信任，相信
1589,truth,/truθ/,n,真理；真相，实际情况
1590,try,/traɪ/,v / n,试；试图；努力；试；努力
1591,turkey,/ˈtərki/,n,火鸡
1592,turn,/tərn/,v / n,旋转；翻转；转弯；转变；变得；(轮流的)顺序
1593,twice,/twaɪs/,adv,两次；两倍
1594,twin,/twɪn/,n,双胞胎之一
1595,type,/taɪp/,n / v,类型；打字
1596,umbrella,/ˈəmˌbrɛlə/,n,伞
1597,uncle,/ˈəŋkəl/,n,叔；伯；舅；姑夫；姨父
1598,under,/ˈəndər/,adv & prep,在……下面，向……下面
1599,underground,/ˈəndərˌgraʊnd/,adj / n,地下的；(美 subway) 地铁
1600,underlined,/ˈəndərˌlaɪnd/,adj,带下划线的
1601,"understand (understood, understood)",/ˌəndərˈstænd/,v,明白，懂得；理解
1602,unfair,/ˌɔnˈfɛr/,adj,不公正的，不公平的；违反规则或准则的
1603,unforgettable,/ˌənfərˈgɛtəbəl/,adj,难忘的
1604,unfortunately,/ənˈfɔrʧənətli/,adv,不幸地，遗憾地
1605,unhappy,/ənˈhæpi/,adj,不开心的，不幸福的，难过的
1606,unhealthy,/ənˈhɛlθi/,adj,不健康的
1607,uniform,/ˈjunəˌfɔrm/,n,制服
1608,unit,/ˈjunɪt/,n,单元；单位；部件
1609,united,/juˈnaɪtɪd/,adj,联合的；统一的
1610,university,/ˌjunəˈvərsəti/,n,大学
1611,unless,/ənˈlɛs/,conj,如果不，除非
1612,until,/ənˈtɪl/,prep & conj,直到……为止
1613,unusual,/ənˈjuˌʒuəl/,adj,不寻常的
1614,up,/əp/,adv & prep,向上；在上方；起来
1615,upset,/ˈəpˌsɛt/,adj,心烦的，难过的
1616,upstairs,/əpˈstɛrz/,adv,在楼上；到楼上
1617,use,/juz/,v & n,利用；使用；应用
1618,useful,/ˈjusfəl/,adj,有用的；有益的
1619,useless,/ˈjusləs/,adj,无用的，废旧的
1620,usual,/ˈjuʒəwəl/,adj,通常的，平常的
1621,usually,/ˈjuʒəwəli/,adv,通常；经常
1622,value,/ˈvælju/,n,价值；价格；价值观
1623,variety,/vərˈaɪəti/,n,种种，种类
1624,various,/ˈvɛriəs/,adj,各种各样的，不同的
1625,vegetable,/ˈvɛʤtəbəl/,n,蔬菜
1626,very,/ˈvɛri/,adv,很，非常
1627,victory,/ˈvɪktəri/,n,胜利
1628,video,/ˈvɪdioʊ/,n,录像；视频
1629,view,/vju/,n,看法，见解；风景，景色；视野
1630,village,/ˈvɪlɪʤ/,n,村庄，乡村
1631,violin,/vaɪəˈlɪn/,n,小提琴
1632,visit,/ˈvɪzɪt/,n & v,参观；访问；拜访
1633,visitor,/ˈvɪzɪtər/,n,参观者；访问者
1634,voice,/vɔɪs/,n,嗓音
1635,volleyball,/ˈvɑliˌbɔl/,n,排球
1636,volunteer,/ˌvɑlənˈtɪr/,n / v,志愿者；自愿(做)；自愿提供
1637,wait,/weɪt/,v,等，等候
1638,waiter,/ˈweɪtər/,n,侍者，服务员
1639,waitress,/ˈweɪtrəs/,n,女侍者；女服务员
1640,"wake (woke, woken)",/weɪk/,v,醒来，唤醒
1641,walk,/wɔk/,n & v,步行；散步
1642,wall,/wɔl/,n,墙
1643,want,/wɔnt/,v,要，想要；需要
1644,war,/wɔr/,n,战争
1645,warm,/wɔrm/,adj,暖和的；热情的
1646,warn,/wɔrn/,v,警告；告诫
1647,wash,/wɑʃ/,v,洗涤；洗
1648,waste,/weɪst/,v / n,浪费；浪费；废物；垃圾
1649,watch,/wɔʧ/,n / v,手表，表；观看，注视；当心
1650,water,/ˈwɔtər/,n / v,水；浇水
1651,wave,/weɪv/,n / v,波，波浪；挥手，招手；挥动
1652,way,/weɪ/,n,路，路线；路途；方式，手段
1653,weak,/wik/,adj,弱的，差的，淡的
1654,wealth,/wɛlθ/,n,财产，财富
1655,"wear (wore, worn)",/wɛr/,v,穿；戴
1656,weather,/ˈwɛðər/,n,天气
1657,web,/wɛb/,n,网，网状物
1658,website,/ˈwɛbˌsaɪt/,n,网站
1659,week,/wik/,n,星期
1660,weekday,/ˈwikˌdeɪ/,n,工作日
1661,weekend,/ˈwiˌkɪnd/,n,周末
1662,weigh,/weɪ/,v,称……的重量；重
1663,weight,/weɪt/,n,重量
1664,welcome,/ˈwɛlkəm/,n / adj / v / int,欢迎；受欢迎的；欢迎；欢迎
1665,well (比较级 better，最高级 best),/wɛl/,adj / adv / n / int,健康的；好地，令人满意地；完全地；井；(表示同意，惊讶等)好；好吧；那么
1666,west,/wɛst/,n / adj,西部；西方；西方的；向西的
1667,western,/ˈwɛstərn/,adj,西方的
1668,wet,/wɛt/,adj,湿的，潮的；多雨的
1669,what,/wət/,pron / adv / conj,(表示疑问)什么；(表示建议)怎么样；(表示感叹)多么；(表示疑问)什么；引导宾语从句
1670,when,/wɪn/,conj & adv,什么时候；当……的时候
1671,where,/wɛr/,adv,在哪里
1672,whether,/ˈwɛðər/,conj,是否
1673,which,/wɪʧ/,adj & pron,那(哪)一个(些)
1674,while,/waɪl/,conj / n,在……的时候，正当……时；一会儿
1675,white,/waɪt/,adj / n,白色的；白色
1676,who,/hu/,pron,谁
1677,whole,/hoʊl/,adj,整个的
1678,whom,/hum/,pron,谁(who 的宾格)
1679,whose,/huz/,pron,谁的
1680,why,/waɪ/,adv,为什么
1681,wide,/waɪd/,adj,宽的；广泛的
1682,widely,/ˈwaɪdli/,adv,宽阔地；广泛地
1683,widen,/ˈwaɪdən/,v,拓宽
1684,wife,/waɪf/,n,妻子
1685,wild,/waɪld/,adj,野生的；荒凉的
1686,will,/wɪl/,aux / n,.v. 将，会；愿意；(表示提问)是否愿意；……好吗；意志
1687,"win (won, won)",/wɪn/,v,获胜；赢得
1688,wind,/wɪnd/,n,风
1689,window,/ˈwɪndoʊ/,n,窗户；视窗
1690,windy,/ˈwɪndi/,adj,有风的，起风的
1691,wine,/waɪn/,n,酒；葡萄酒
1692,wing,/wɪŋ/,n,机翼；翅膀
1693,winner,/ˈwɪnər/,n,获胜者
1694,winter,/ˈwɪntər/,n,冬天，冬季
1695,wisdom,/ˈwɪzdəm/,n,智慧
1696,wise,/waɪz/,adj,聪明的，明智的
1697,wish,/wɪʃ/,n / v,愿望，祝愿；希望，想要；祝愿
1698,with,/wɪθ/,prep,与……一道；跟……一起；带有，具有；关于；以；和；用；有
1699,within,/wɪˈθɪn/,prep,在……范围内
1700,without,/wɪˈθaʊt/,prep,没有
1701,wolf,/wʊlf/,n,狼
1702,woman (复 women),/ˈwʊmən/,n,妇女，女人
1703,wonder,/ˈwəndər/,v / n,对……疑惑；想知道；奇迹，奇观
1704,wonderful,/ˈwəndərfəl/,adj,美妙的，精彩的；太好了
1705,wood,/wʊd/,n,木头，木材；(复)树林
1706,wooden,/ˈwʊdən/,adj,木质的
1707,word,/wərd/,n,词，单词；话
1708,work,/wərk/,v / n,工作；(机器等)运转，活动；工作，劳动；作品
1709,worker,/ˈwərkər/,n,工作者；工人
1710,world,/wərld/,n,世界
1711,worry,/ˈwəri/,v / n,担心；烦恼；烦恼，担忧
1712,worth,/wərθ/,adj,有……的价值；值得……的
1713,would,/wʊd/,aux v,愿意(will 的过去式)
1714,wound,/wund/,n,创伤，伤口
1715,wounded,/ˈwundɪd/,adj,受伤的
1716,"write (wrote, written)",/raɪt/,v,写；写作；写信
1717,writer,/ˈraɪtər/,n,作家
1718,wrong,/rɔŋ/,adj,错误的；不正常的；有病的
1719,year,/jɪr/,n,年
1720,yellow,/ˈjɛloʊ/,adj / n,黄色的；黄色
1721,yesterday,/ˈjɛstərˌdeɪ/,n & adv,昨天
1722,yet,/jɛt/,adv,尚，还，仍然
1723,yogurt,/ˈjoʊgərt/,n,酸奶
1724,young,/jəŋ/,adj,年轻的
1725,zero,/ˈziroʊ/,n & num,零；零度；零点
1726,zoo,/zu/,n,动物园
